<?xml version="1.0" encoding="utf-8"?>
<templates id="template" xml:space="preserve">

    <t t-name="FieldPad">
        <div class="oe_form_field_text oe_pad">
            <p class="oe_unconfigured d-none">
                Please, enter your Etherpad credentials through the Settings.
            </p>
            <t t-if="widget.mode === 'readonly'">
                <div class="oe_pad_content etherpad_readonly oe_configured" />
            </t>
            <t t-if="widget.mode === 'edit'">
                <div class="oe_pad_switch_positioner oe_configured">
                    <span class="fa fa-expand oe_pad_switch" role="img" aria-label="Switch pad" title="Switch pad"/>
                </div>
                <div class="oe_pad_content oe_editing oe_configured" />
            </t>
        </div>
    </t>

</templates>
