id,name,model_id:id,group_id:id,perm_read,perm_write,perm_create,perm_unlink
access_repair_fee_user,Repair Fee user,model_repair_fee,stock.group_stock_user,1,1,1,1
access_repair_user,Repair user,model_repair_order,stock.group_stock_user,1,1,1,1
access_repair_tag_user,Repair Tags user,model_repair_tags,stock.group_stock_user,1,1,1,1
access_repair_line_user,repair.line user,model_repair_line,stock.group_stock_user,1,1,1,1
access_account_tax_user,account.tax,account.model_account_tax,stock.group_stock_user,1,0,0,0
access_repair_order_make_invoice,access.repair.order.make_invoice,model_repair_order_make_invoice,stock.group_stock_user,1,1,1,0
access_stock_warn_insufficient_qty_repair,access.stock.warn.insufficient.qty.repair,model_stock_warn_insufficient_qty_repair,stock.group_stock_user,1,1,1,0
