<?xml version="1.0" encoding="utf-8"?>
<!--
    Terms to translate for the Gmail plugin
-->
<ressources>
    <string>Log the email on the lead</string>
    <string>Email already logged on the lead</string>
    <string>Could not create the lead</string>
    <string>Opportunities (%s)</string>
    <string>%(expected_revenue)s at %(probability)s%</string>
    <string>%(expected_revenue)s + %(recurring_revenue)s %(recurring_plan)s at %(probability)s%</string>
    <string>Save Contact to create new Opportunities.</string>
    <string>You can only create opportunities for existing customers.</string>
</ressources>
