<?xml version="1.0" encoding="utf-8"?>
<odoo>
    <record id="product_service_order_repair" model="product.product">
        <field name="name">Repair Services</field>
        <field name="categ_id" ref="product.product_category_3"/>
        <field name="standard_price">20.5</field>
        <field name="list_price">30.75</field>
        <field name="type">service</field>
    </record>

    <record id="repair_r1" model="repair.order">
        <field name="schedule_date" eval="DateTime.today()"/>
        <field name="address_id" ref="base.res_partner_address_1"/>
        <field name="guarantee_limit" eval="datetime.today().strftime('%Y-%m-%d')"/>
        <field name="invoice_method">none</field>
        <field name="user_id"/>
        <field name="product_id" ref="product.product_product_3"/>
        <field name="product_uom" ref="uom.product_uom_unit"/>
        <field name="partner_invoice_id" ref="base.res_partner_address_1"/>
        <field name="location_id" ref="stock.stock_location_stock"/>
        <field name="operations" model="repair.line" eval="[(5, 0, 0), (0, 0, {
            'location_dest_id': obj().env.ref('product.product_product_11').property_stock_production.id,
            'location_id': obj().env.ref('stock.stock_location_stock').id,
            'name': obj().env.ref('product.product_product_11').get_product_multiline_description_sale(),
            'product_id': obj().env.ref('product.product_product_11').id,
            'product_uom': obj().env.ref('uom.product_uom_unit').id,
            'product_uom_qty': '1.0',
            'price_unit': 50.0,
            'state': 'draft',
            'type': 'add',
            'company_id': obj().env.ref('base.main_company').id,
        })]"/>
        <field name="fees_lines" model="repair.fee" eval="[(5, 0, 0), (0, 0, {
            'name': obj().env.ref('repair.product_service_order_repair').get_product_multiline_description_sale(),
            'product_id': obj().env.ref('repair.product_service_order_repair').id,
            'product_uom_qty': 1.0,
            'product_uom': obj().env.ref('uom.product_uom_unit').id,
            'company_id': obj().env.ref('base.main_company').id,
            'price_unit': 50.0,
        })]"/>
        <field name="partner_id" ref="base.res_partner_12"/>
    </record>

    <record id="repair_r0" model="repair.order">
        <field name="schedule_date" eval="DateTime.today()"/>
        <field name="product_id" ref="product.product_product_5"/>
        <field name="product_uom" ref="uom.product_uom_unit"/>
        <field name="address_id" ref="base.res_partner_address_1"/>
        <field name="guarantee_limit" eval="datetime.today().strftime('%Y-%m-%d')"/>
        <field name="invoice_method">after_repair</field>
        <field name="user_id"/>
        <field name="partner_invoice_id" ref="base.res_partner_address_1"/>
        <field name="location_id" ref="stock.stock_location_stock"/>
        <field name="operations" model="repair.line" eval="[(5, 0, 0), (0, 0, {
            'location_dest_id': obj().env.ref('product.product_product_12').property_stock_production.id,
            'location_id': obj().env.ref('stock.stock_location_stock').id,
            'name': obj().env.ref('product.product_product_12').get_product_multiline_description_sale(),
            'price_unit': 50.0,
            'product_id': obj().env.ref('product.product_product_12').id,
            'product_uom': obj().env.ref('uom.product_uom_unit').id,
            'product_uom_qty': 1.0,
            'state': 'draft',
            'type': 'add',
            'company_id': obj().env.ref('base.main_company').id,
        })]"/>
        <field name="fees_lines" model="repair.fee" eval="[(5, 0, 0), (0, 0, {
            'name': obj().env.ref('repair.product_service_order_repair').get_product_multiline_description_sale(),
            'product_id': obj().env.ref('repair.product_service_order_repair').id,
            'product_uom_qty': 1.0,
            'product_uom': obj().env.ref('uom.product_uom_unit').id,
            'price_unit': 50.0,
            'company_id': obj().env.ref('base.main_company').id,
        })]"/>
        <field name="partner_id" ref="base.res_partner_12"/>
    </record>

    <record id="repair_r2" model="repair.order">
        <field name="priority">1</field>
        <field name="schedule_date" eval="DateTime.today() + relativedelta(days=-5)"/>
        <field name="product_id" ref="product.product_product_6"/>
        <field name="product_uom" ref="uom.product_uom_unit"/>
        <field name="address_id" ref="base.res_partner_address_1"/>
        <field name="guarantee_limit" eval="datetime.today().strftime('%Y-%m-%d')"/>
        <field name="invoice_method">b4repair</field>
        <field name="user_id"/>
        <field name="partner_invoice_id" ref="base.res_partner_address_1"/>
        <field name="location_id" ref="stock.stock_location_14"/>
        <field name="operations" model="repair.line" eval="[(5, 0, 0), (0, 0, {
            'location_dest_id': obj().env.ref('product.product_product_13').property_stock_production.id,
            'location_id': obj().env.ref('stock.stock_location_stock').id,
            'name': obj().env.ref('product.product_product_13').get_product_multiline_description_sale(),
            'price_unit': 50.0,
            'product_id': obj().env.ref('product.product_product_13').id,
            'product_uom': obj().env.ref('uom.product_uom_unit').id,
            'product_uom_qty': 1.0,
            'state': 'draft',
            'type': 'add',
            'company_id': obj().env.ref('base.main_company').id,
        })]"/>
        <field name="fees_lines" model="repair.fee" eval="[(5, 0, 0), (0, 0, {
            'name': obj().env.ref('repair.product_service_order_repair').get_product_multiline_description_sale(),
            'product_id': obj().env.ref('repair.product_service_order_repair').id,
            'product_uom_qty': 1.0,
            'product_uom': obj().env.ref('uom.product_uom_unit').id,
            'price_unit': 50.0,
            'company_id': obj().env.ref('base.main_company').id,
        })]"/>
        <field name="partner_id" ref="base.res_partner_12"/>
    </record>
</odoo>
