<?xml version="1.0" encoding="utf-8"?>
<odoo>
    <record id="base.res_partner_1" model="res.partner">
        <field name="is_published">True</field>
        <field name="website_short_description">Wood Corner brings honesty and seriousness to wood industry while helping customers deal with trees, flowers and fungi.</field>
        <field name="website_description" type="html">
<div><section class="s_text_image o_colored_level" data-snippet="s_image_text" data-name="Image - Text">
    <div class="container">
        <div class="row align-items-center">
            <div class="col-lg-3 pt8 pb8 o_colored_level">
                <img src="/web/image/website.s_image_text_default_image" class="img img-fluid mx-auto" alt=""/>
            </div>
            <div class="col-lg-9 pt8 pb8 o_colored_level">
                <h2 class="o_default_snippet_text">Happy to be Sponsor</h2>
                <p class="o_default_snippet_text">As a team, we are happy to contribute to this event.</p>
                <p class="o_default_snippet_text">Come see us live, we hope to meet you !</p>
                <p><a href="#" class="btn btn-primary o_default_snippet_text">Discover more</a></p>
            </div>
        </div>
    </div>
</section></div></field>
    </record>

    <record id="base.res_partner_2" model="res.partner">
        <field name="is_published">True</field>
        <field name="website_short_description">Deco Addict brings honesty and seriousness to wood industry while helping customers deal with trees, flowers and fungi.</field>
        <field name="website_description" type="html">
<div><section class="s_text_image o_colored_level" data-snippet="s_image_text" data-name="Image - Text">
    <div class="container">
        <div class="row align-items-center">
            <div class="col-lg-3 pt8 pb8 o_colored_level">
                <img src="/web/image/website.s_image_text_default_image" class="img img-fluid mx-auto" alt=""/>
            </div>
            <div class="col-lg-9 pt8 pb8 o_colored_level">
                <h2 class="o_default_snippet_text">Happy to be Sponsor</h2>
                <p class="o_default_snippet_text">As a team, we are happy to contribute to this event.</p>
                <p class="o_default_snippet_text">Come see us live, we hope to meet you !</p>
                <p><a href="#" class="btn btn-primary o_default_snippet_text">Discover more</a></p>
            </div>
        </div>
    </div>
</section></div></field>
    </record>

    <record id="base.res_partner_3" model="res.partner">
        <field name="is_published">True</field>
        <field name="website_short_description">Gemini Furniture brings honesty and seriousness to wood industry while helping customers deal with trees, flowers and fungi.</field>
        <field name="website_description" type="html">
<div><section class="s_text_image o_colored_level" data-snippet="s_image_text" data-name="Image - Text">
    <div class="container">
        <div class="row align-items-center">
            <div class="col-lg-3 pt8 pb8 o_colored_level">
                <img src="/web/image/website.s_image_text_default_image" class="img img-fluid mx-auto" alt=""/>
            </div>
            <div class="col-lg-9 pt8 pb8 o_colored_level">
                <h2 class="o_default_snippet_text">Happy to be Sponsor</h2>
                <p class="o_default_snippet_text">As a team, we are happy to contribute to this event.</p>
                <p class="o_default_snippet_text">Come see us live, we hope to meet you !</p>
                <p><a href="#" class="btn btn-primary o_default_snippet_text">Discover more</a></p>
            </div>
        </div>
    </div>
</section></div></field>
    </record>

    <record id="base.res_partner_4" model="res.partner">
        <field name="is_published">True</field>
        <field name="website_short_description">Ready Mat brings honesty and seriousness to wood industry while helping customers deal with trees, flowers and fungi.</field>
        <field name="website_description" type="html">
<div><section class="s_text_image o_colored_level" data-snippet="s_image_text" data-name="Image - Text">
    <div class="container">
        <div class="row align-items-center">
            <div class="col-lg-3 pt8 pb8 o_colored_level">
                <img src="/web/image/website.s_image_text_default_image" class="img img-fluid mx-auto" alt=""/>
            </div>
            <div class="col-lg-9 pt8 pb8 o_colored_level">
                <h2 class="o_default_snippet_text">Happy to be Sponsor</h2>
                <p class="o_default_snippet_text">As a team, we are happy to contribute to this event.</p>
                <p class="o_default_snippet_text">Come see us live, we hope to meet you !</p>
                <p><a href="#" class="btn btn-primary o_default_snippet_text">Discover more</a></p>
            </div>
        </div>
    </div>
</section></div></field>
    </record>

    <record id="base.res_partner_10" model="res.partner">
        <field name="is_published">True</field>
        <field name="website_short_description">The Jackson Group brings honesty and seriousness to wood industry while helping customers deal with trees, flowers and fungi.</field>
        <field name="website_description" type="html">
<div><section class="s_text_image o_colored_level" data-snippet="s_image_text" data-name="Image - Text">
    <div class="container">
        <div class="row align-items-center">
            <div class="col-lg-3 pt8 pb8 o_colored_level">
                <img src="/web/image/website.s_image_text_default_image" class="img img-fluid mx-auto" alt=""/>
            </div>
            <div class="col-lg-9 pt8 pb8 o_colored_level">
                <h2 class="o_default_snippet_text">Happy to be Sponsor</h2>
                <p class="o_default_snippet_text">As a team, we are happy to contribute to this event.</p>
                <p class="o_default_snippet_text">Come see us live, we hope to meet you !</p>
                <p><a href="#" class="btn btn-primary o_default_snippet_text">Discover more</a></p>
            </div>
        </div>
    </div>
</section></div></field>
    </record>

    <record id="base.res_partner_12" model="res.partner">
        <field name="is_published">True</field>
        <field name="website_short_description">Azure Interior brings honesty and seriousness to wood industry while helping customers deal with trees, flowers and fungi.</field>
        <field name="website_description" type="html">
<div><section class="s_text_image o_colored_level" data-snippet="s_image_text" data-name="Image - Text">
    <div class="container">
        <div class="row align-items-center">
            <div class="col-lg-3 pt8 pb8 o_colored_level">
                <img src="/web/image/website.s_image_text_default_image" class="img img-fluid mx-auto" alt=""/>
            </div>
            <div class="col-lg-9 pt8 pb8 o_colored_level">
                <h2 class="o_default_snippet_text">Happy to be Sponsor</h2>
                <p class="o_default_snippet_text">As a team, we are happy to contribute to this event.</p>
                <p class="o_default_snippet_text">Come see us live, we hope to meet you !</p>
                <p><a href="#" class="btn btn-primary o_default_snippet_text">Discover more</a></p>
            </div>
        </div>
    </div>
</section></div></field>
    </record>

    <record id="event.res_partner_event_1" model="res.partner">
        <field name="is_published">True</field>
        <field name="website_short_description">Bloem brings honesty and seriousness to wood industry while helping customers deal with trees, flowers and fungi.</field>
        <field name="website_description" type="html">
<div><section class="s_text_image o_colored_level" data-snippet="s_image_text" data-name="Image - Text">
    <div class="container">
        <div class="row align-items-center">
            <div class="col-lg-3 pt8 pb8 o_colored_level">
                <img src="/web/image/website.s_image_text_default_image" class="img img-fluid mx-auto" alt=""/>
            </div>
            <div class="col-lg-9 pt8 pb8 o_colored_level">
                <h2 class="o_default_snippet_text">Happy to be Sponsor</h2>
                <p class="o_default_snippet_text">As a team, we are happy to contribute to this event.</p>
                <p class="o_default_snippet_text">Come see us live, we hope to meet you !</p>
                <p><a href="#" class="btn btn-primary o_default_snippet_text">Discover more</a></p>
            </div>
        </div>
    </div>
</section></div></field>
    </record>

    <record id="event.res_partner_event_2" model="res.partner">
        <field name="is_published">True</field>
        <field name="website_short_description">OpenWood brings honesty and seriousness to wood industry while helping customers deal with trees, flowers and fungi.</field>
        <field name="website_description" type="html">
<div><section class="s_text_image o_colored_level" data-snippet="s_image_text" data-name="Image - Text">
    <div class="container">
        <div class="row align-items-center">
            <div class="col-lg-3 pt8 pb8 o_colored_level">
                <img src="/web/image/website.s_image_text_default_image" class="img img-fluid mx-auto" alt=""/>
            </div>
            <div class="col-lg-9 pt8 pb8 o_colored_level">
                <h2 class="o_default_snippet_text">Happy to be Sponsor</h2>
                <p class="o_default_snippet_text">As a team, we are happy to contribute to this event.</p>
                <p class="o_default_snippet_text">Come see us live, we hope to meet you !</p>
                <p><a href="#" class="btn btn-primary o_default_snippet_text">Discover more</a></p>
            </div>
        </div>
    </div>
</section></div></field>
    </record>

    <record id="event.res_partner_event_3" model="res.partner">
        <field name="is_published">True</field>
        <field name="website_short_description">Tree Dealers brings honesty and seriousness to wood industry while helping customers deal with trees, flowers and fungi.</field>
        <field name="website_description" type="html">
<div><section class="s_text_image o_colored_level" data-snippet="s_image_text" data-name="Image - Text">
    <div class="container">
        <div class="row align-items-center">
            <div class="col-lg-3 pt8 pb8 o_colored_level">
                <img src="/web/image/website.s_image_text_default_image" class="img img-fluid mx-auto" alt=""/>
            </div>
            <div class="col-lg-9 pt8 pb8 o_colored_level">
                <h2 class="o_default_snippet_text">Happy to be Sponsor</h2>
                <p class="o_default_snippet_text">As a team, we are happy to contribute to this event.</p>
                <p class="o_default_snippet_text">Come see us live, we hope to meet you !</p>
                <p><a href="#" class="btn btn-primary o_default_snippet_text">Discover more</a></p>
            </div>
        </div>
    </div>
</section></div></field>
    </record>

    <record id="event.res_partner_event_4" model="res.partner">
        <field name="is_published">True</field>
        <field name="website_short_description">Shangai Pterocarpus Furniture brings honesty and seriousness to wood industry while helping customers deal with trees, flowers and fungi.</field>
        <field name="website_description" type="html">
<div><section class="s_text_image o_colored_level" data-snippet="s_image_text" data-name="Image - Text">
    <div class="container">
        <div class="row align-items-center">
            <div class="col-lg-3 pt8 pb8 o_colored_level">
                <img src="/web/image/website.s_image_text_default_image" class="img img-fluid mx-auto" alt=""/>
            </div>
            <div class="col-lg-9 pt8 pb8 o_colored_level">
                <h2 class="o_default_snippet_text">Happy to be Sponsor</h2>
                <p class="o_default_snippet_text">As a team, we are happy to contribute to this event.</p>
                <p class="o_default_snippet_text">Come see us live, we hope to meet you !</p>
                <p><a href="#" class="btn btn-primary o_default_snippet_text">Discover more</a></p>
            </div>
        </div>
    </div>
</section></div></field>
    </record>

    <!-- 15-16-28: children of 12 (Azure Interior) -->
    <record id="base.res_partner_address_15" model="res.partner">
        <field name="is_published" eval="True"/>
        <field name="website">http://azure.example.com</field>
        <field name="website_description" type="xml">
            <p>
                Brandon works in IT sector <b>since 10 years</b>. He is known
                notably for selling mouse traps. With that trick he cut
                IT budget by almost half within the last 2 years.
            </p>
        </field>
    </record>
    <record id="base.res_partner_address_16" model="res.partner">
        <field name="is_published" eval="True"/>
        <field name="website">http://azure.example.com</field>
        <field name="website_description" type="xml">
            <p>
                Nicole works in IT sector <b>since 20 years</b>. She
                develops software to help develop websites.  She sold her
                first company at 30 years old and manage to grow Azure Interior
                from 1 to 55 employees mostly by reselling services on
                Odoo.
            </p><p>
                Nicole is <b>author of several books</b>, including Amazon best seller
                "How Azure and Odoo will change the business world!".
            </p>
        </field>
    </record>
    <record id="base.res_partner_address_28" model="res.partner">
        <field name="is_published" eval="True"/>
        <field name="website">http://azure.example.com</field>
        <field name="website_description" type="xml">
            <p>
                Colleen Diaz works in IT sector <b>since 10 years</b>. He is known
                notably for selling mouse traps. With that trick he cut
                IT budget by almost half within the last 2 years.
            </p>
        </field>
    </record>

    <!-- 17-18: children of 10 (Jackson Group) -->
    <record id="base.res_partner_address_17" model="res.partner">
        <field name="is_published" eval="True"/>
        <field name="website">http://jackson.group.example.com</field>
        <field name="website_description" type="xml">
            <p>
                Toni Rhodes works in IT sector <b>since 10 years</b>. He is known
                notably for selling mouse traps. With that trick he cut
                IT budget by almost half within the last 2 years.
                Famous Managing Partner.
            </p>
        </field>
    </record>
    <record id="base.res_partner_address_18" model="res.partner">
        <field name="is_published" eval="True"/>
        <field name="website">http://jackson.group.example.com</field>
        <field name="website_description" type="xml">
            <p>
                Gordon Owens works in IT sector <b>since 10 years</b>. He is known
                notably for selling mouse traps. With that trick he cut
                IT budget by almost half within the last 2 years.
                Famous Senior Consultant.
            </p>
        </field>
    </record>

    <!-- 3-4-31: children of 2 (Deco Addict) -->
    <record id="base.res_partner_address_3" model="res.partner">
        <field name="is_published">True</field>
        <field name="website_short_description">Douglas Fletcher is a mighty functional consultant at Deco Addict</field>
        <field name="website_description" type="html">
<p>
    Douglas Fletcher works in IT sector <b>since 10 years</b>. He is known
    notably for selling mouse traps. With that trick he cut
    IT budget by almost half within the last 2 years.
</p></field>
    </record>
    <record id="base.res_partner_address_4" model="res.partner">
        <field name="is_published">True</field>
        <field name="website_short_description">Floyd Steward is a mighty analyst at Deco Addict.</field>
        <field name="website_description" type="html">
<p>
    Floyd Steward works in IT sector <b>since 10 years</b>. He is known
    notably for selling mouse traps. With that trick he cut
    IT budget by almost half within the last 2 years.
</p></field>
    </record>
    <record id="base.res_partner_address_31" model="res.partner">
        <field name="is_published">True</field>
        <field name="website_short_description">Addison Olson is a mighty sales representative at Deco Addict.</field>
        <field name="website_description" type="html">
<p>
    Addison Olson works in IT sector <b>since 10 years</b>. He is known
    notably for selling mouse traps. With that trick he cut
    IT budget by almost half within the last 2 years.
</p></field>
    </record>

</odoo>
