<?xml version="1.0" encoding="UTF-8" ?>
<odoo><data>

    <record id="event_booth.event_booth_category_premium" model="event.booth.category">
        <field name="use_sponsor" eval="True"/>
        <field name="sponsor_type_id" ref="website_event_exhibitor.event_sponsor_type2"/>
        <field name="exhibitor_type">exhibitor</field>
    </record>

    <record id="event_booth.event_booth_category_vip" model="event.booth.category">
        <field name="use_sponsor" eval="True"/>
        <field name="sponsor_type_id" ref="website_event_exhibitor.event_sponsor_type3"/>
        <field name="exhibitor_type">online</field>
    </record>

</data></odoo>
