<?xml version="1.0" encoding="utf-8"?>
<odoo>
    <data noupdate="1">
        <record id="calendar_event_type_data_online_appointment" model="calendar.event.type">
            <field name="name">Online Appointment Portal</field>
        </record>
        <record id="module_category_calendar" model="ir.module.category">
            <field name="name">Online Appointments</field>
            <field name="sequence">19</field>
        </record>

        <record id="calendar_alarm_data_1h_sms" model="calendar.alarm">
            <field name="name">SMS Text Message - 1 Hours</field>
            <field name="interval">hours</field>
            <field name="duration">1</field>
            <field name="alarm_type">sms</field>
        </record>
    </data>
</odoo>
