<?xml version="1.0" encoding="utf-8"?>
<odoo><data noupdate="1">
    <record id="sales_team.team_sales_department" model="crm.team" forcecreate="False">
        <field name="alias_name">info</field>
        <field name="alias_user_id" ref="base.user_admin"/>
    </record>

    <record id="sales_team.salesteam_website_sales" model="crm.team" forcecreate="False">
        <field name="use_opportunities" eval="False"/>
    </record>

    <record id="sales_team.pos_sales_team" model="crm.team" forcecreate="False">
        <field name="use_opportunities" eval="False"/>
    </record>

    <record id="sales_team.ebay_sales_team" model="crm.team" forcecreate="False">
        <field name="use_opportunities" eval="False"/>
    </record>
</data></odoo>
