<?xml version="1.0" encoding="utf-8"?>
<odoo><data noupdate="1">

    <record id="sales_team.crm_team_member_admin_sales" model="crm.team.member">
        <field name="assignment_max">30</field>
        <field name="assignment_domain">[['probability', '>=', 20]]</field>
    </record>
    <record id="sales_team.crm_team_member_demo_team_1" model="crm.team.member">
        <field name="assignment_max">45</field>
        <field name="assignment_domain">[['probability', '>=', 5]]</field>
    </record>

</data></odoo>
