<?xml version="1.0"?>
<odoo>
    <record id="mail_activity_demo_followup_quote" model="mail.activity.type">
        <field name="name">Follow-up Quote</field>
        <field name="icon">fa-file-text-o</field>
        <field name="res_model">crm.lead</field>
        <field name="delay_count">30</field>
    </record>
    <record id="mail_activity_demo_make_quote" model="mail.activity.type">
        <field name="name">Make Quote</field>
        <field name="icon">fa-file-text-o</field>
        <field name="res_model">crm.lead</field>
        <field name="delay_count">15</field>
    </record>

    <record id="mail_activity_demo_call_demo" model="mail.activity.type">
        <field name="name">Call for Demo</field>
        <field name="icon">fa-phone</field>
        <field name="res_model">crm.lead</field>
        <field name="delay_count">10</field>
        <field name="category">phonecall</field>
    </record>

    <record id="mail_activity_type_demo_email_with_template" model="mail.activity.type">
        <field name="name">Email: Welcome Demo</field>
        <field name="icon">fa-envelope</field>
        <field name="res_model">crm.lead</field>
        <field name="mail_template_ids" eval="[(4, ref('crm.mail_template_demo_crm_lead'))]"/>
    </record>
</odoo>
