<?xml version="1.0" encoding="UTF-8" ?>
<odoo><data>

    <record id="event.event_2" model="event.event">
        <field name="exhibition_map" type="base64" file="website_event_booth/static/src/img/exhibition-map.gif"/>
        <field name="website_menu" eval="True"/>
        <field name="booth_menu" eval="True"/>
    </record>

    <record id="event.event_7" model="event.event">
        <field name="exhibition_map" type="base64" file="website_event_booth/static/src/img/exhibition-map.gif"/>
        <field name="booth_menu" eval="True"/>
    </record>

</data></odoo>
