<?xml version="1.0" encoding="utf-8"?>
<odoo>
    <!-- Luxembourg Balance Sheet -->
    <record id="account_financial_report_l10n_lu_bs" model="account.financial.html.report">
        <field name="name">Balance Sheet</field>
        <field name="unfold_all_filter" eval="True"/>
        <field name="date_range" eval="False" />
        <field name='parent_id' ref='l10n_lu.account_reports_lu_statements_menu'/>
        <field name="show_journal_filter" eval="True"/>
        <field name="country_id" ref="base.lu"/>
    </record>

    <record id="account_financial_report_l10n_lu_bs_line_1" model="account.financial.html.report.line">
        <field name="name">ASSETS</field>
        <field name="level" eval="0"/>
        <field name="sequence" eval="1"/>
        <field name="financial_report_id" ref="account_financial_report_l10n_lu_bs"/>
    </record>
    <record id="account_financial_report_l10n_lu_bs_line_1_1" model="account.financial.html.report.line">
        <field name="name">A. Subscribed capital unpaid</field>
        <field name="code">LU_BS_101</field>
        <field name="level" eval="1"/>
        <field name="sequence" eval="1"/>
        <field name="formulas">LU_BS_103 + LU_BS_105</field>
        <field name="parent_id" ref="account_financial_report_l10n_lu_bs_line_1"/>
    </record>
    <record id="account_financial_report_l10n_lu_bs_line_1_1_1" model="account.financial.html.report.line">
        <field name="name">I. Subscribed capital not called</field>
        <field name="code">LU_BS_103</field>
        <field name="level" eval="2"/>
        <field name="sequence" eval="1"/>
        <field name="domain" eval="[('account_id.code', '=like', '102%')]" />
        <field name="groupby">account_id</field>
        <field name="formulas">sum</field>
        <field name="parent_id" ref="account_financial_report_l10n_lu_bs_line_1_1"/>
    </record>
    <record id="account_financial_report_l10n_lu_bs_line_1_1_2" model="account.financial.html.report.line">
        <field name="name">II. Subscribed capital called but unpaid</field>
        <field name="code">LU_BS_105</field>
        <field name="level" eval="2"/>
        <field name="sequence" eval="2"/>
        <field name="domain" eval="[('account_id.code', '=like', '103%')]" />
        <field name="groupby">account_id</field>
        <field name="formulas">sum</field>
        <field name="parent_id" ref="account_financial_report_l10n_lu_bs_line_1_1"/>
    </record>
    <record id="account_financial_report_l10n_lu_bs_line_1_2" model="account.financial.html.report.line">
        <field name="name">B. Formation expenses</field>
        <field name="code">LU_BS_107</field>
        <field name="level" eval="1"/>
        <field name="sequence" eval="2"/>
        <field name="domain" eval="[('account_id.code', '=like', '20%')]" />
        <field name="groupby">account_id</field>
        <field name="formulas">sum</field>
        <field name="parent_id" ref="account_financial_report_l10n_lu_bs_line_1"/>
    </record>
    <record id="account_financial_report_l10n_lu_bs_line_1_3" model="account.financial.html.report.line">
        <field name="name">C. Fixed assets</field>
        <field name="code">LU_BS_109</field>
        <field name="level" eval="1"/>
        <field name="sequence" eval="3"/>
        <field name="formulas">LU_BS_111 + LU_BS_125 + LU_BS_135</field>
        <field name="parent_id" ref="account_financial_report_l10n_lu_bs_line_1"/>
    </record>
    <record id="account_financial_report_l10n_lu_bs_line_1_3_1" model="account.financial.html.report.line">
        <field name="name">I. Intangible assets</field>
        <field name="code">LU_BS_111</field>
        <field name="level" eval="2"/>
        <field name="sequence" eval="1"/>
        <field name="formulas">LU_BS_113 + LU_BS_115 + LU_BS_121 + LU_BS_123</field>
        <field name="parent_id" ref="account_financial_report_l10n_lu_bs_line_1_3"/>
    </record>
    <record id="account_financial_report_l10n_lu_bs_line_1_3_1_1" model="account.financial.html.report.line">
        <field name="name">1. Costs of development</field>
        <field name="code">LU_BS_113</field>
        <field name="level" eval="3"/>
        <field name="sequence" eval="1"/>
        <field name="domain" eval="[('account_id.code', '=like', '211%')]" />
        <field name="groupby">account_id</field>
        <field name="formulas">sum</field>
        <field name="parent_id" ref="account_financial_report_l10n_lu_bs_line_1_3_1"/>
    </record>
    <record id="account_financial_report_l10n_lu_bs_line_1_3_1_2" model="account.financial.html.report.line">
        <field name="name">2. Concessions, patents, licences, trade marks and similar rights and assets, if they were</field>
        <field name="code">LU_BS_115</field>
        <field name="level" eval="3"/>
        <field name="sequence" eval="2"/>
        <field name="formulas">LU_BS_117 + LU_BS_119</field>
        <field name="parent_id" ref="account_financial_report_l10n_lu_bs_line_1_3_1"/>
    </record>
    <record id="account_financial_report_l10n_lu_bs_line_1_3_1_2_1" model="account.financial.html.report.line">
        <field name="name">a) acquired for valuable consideration and need not be shown under C.I.3</field>
        <field name="code">LU_BS_117</field>
        <field name="level" eval="4"/>
        <field name="sequence" eval="1"/>
        <field name="domain" eval="[('account_id.code', '=like', '2121%')]" />
        <field name="groupby">account_id</field>
        <field name="formulas">sum</field>
        <field name="parent_id" ref="account_financial_report_l10n_lu_bs_line_1_3_1_2"/>
    </record>
    <record id="account_financial_report_l10n_lu_bs_line_1_3_1_2_2" model="account.financial.html.report.line">
        <field name="name">b) created by the undertaking itself</field>
        <field name="code">LU_BS_119</field>
        <field name="level" eval="4"/>
        <field name="sequence" eval="2"/>
        <field name="domain" eval="[('account_id.code', '=like', '2122%')]" />
        <field name="groupby">account_id</field>
        <field name="formulas">sum</field>
        <field name="parent_id" ref="account_financial_report_l10n_lu_bs_line_1_3_1_2"/>
    </record>
    <record id="account_financial_report_l10n_lu_bs_line_1_3_1_3" model="account.financial.html.report.line">
        <field name="name">3. Goodwill, to the extent that it was acquired for valuable consideration</field>
        <field name="code">LU_BS_121</field>
        <field name="level" eval="3"/>
        <field name="sequence" eval="3"/>
        <field name="domain" eval="[('account_id.code', '=like', '213%')]" />
        <field name="groupby">account_id</field>
        <field name="formulas">sum</field>
        <field name="parent_id" ref="account_financial_report_l10n_lu_bs_line_1_3_1"/>
    </record>
    <record id="account_financial_report_l10n_lu_bs_line_1_3_1_4" model="account.financial.html.report.line">
        <field name="name">4. Payments on account and intangible assets under development</field>
        <field name="code">LU_BS_123</field>
        <field name="level" eval="3"/>
        <field name="sequence" eval="4"/>
        <field name="domain" eval="[('account_id.code', '=like', '214%')]" />
        <field name="groupby">account_id</field>
        <field name="formulas">sum</field>
        <field name="parent_id" ref="account_financial_report_l10n_lu_bs_line_1_3_1"/>
    </record>
    <record id="account_financial_report_l10n_lu_bs_line_1_3_2" model="account.financial.html.report.line">
        <field name="name">II. Tangible assets</field>
        <field name="code">LU_BS_125</field>
        <field name="level" eval="2"/>
        <field name="sequence" eval="2"/>
        <field name="formulas">LU_BS_127 + LU_BS_129 + LU_BS_131 + LU_BS_133</field>
        <field name="parent_id" ref="account_financial_report_l10n_lu_bs_line_1_3"/>
    </record>
    <record id="account_financial_report_l10n_lu_bs_line_1_3_2_1" model="account.financial.html.report.line">
        <field name="name">1. Land and buildings</field>
        <field name="code">LU_BS_127</field>
        <field name="level" eval="3"/>
        <field name="sequence" eval="1"/>
        <field name="domain" eval="[('account_id.code', '=like', '221%')]" />
        <field name="groupby">account_id</field>
        <field name="formulas">sum</field>
        <field name="parent_id" ref="account_financial_report_l10n_lu_bs_line_1_3_2"/>
    </record>
    <record id="account_financial_report_l10n_lu_bs_line_1_3_2_2" model="account.financial.html.report.line">
        <field name="name">2. Plant and machinery</field>
        <field name="code">LU_BS_129</field>
        <field name="level" eval="3"/>
        <field name="sequence" eval="2"/>
        <field name="domain" eval="[('account_id.code', '=like', '222%')]" />
        <field name="groupby">account_id</field>
        <field name="formulas">sum</field>
        <field name="parent_id" ref="account_financial_report_l10n_lu_bs_line_1_3_2"/>
    </record>
    <record id="account_financial_report_l10n_lu_bs_line_1_3_2_3" model="account.financial.html.report.line">
        <field name="name">3. Other fixtures and fittings, tools and equipment</field>
        <field name="code">LU_BS_131</field>
        <field name="level" eval="3"/>
        <field name="sequence" eval="3"/>
        <field name="domain" eval="[('account_id.code', '=like', '223%')]" />
        <field name="groupby">account_id</field>
        <field name="formulas">sum</field>
        <field name="parent_id" ref="account_financial_report_l10n_lu_bs_line_1_3_2"/>
    </record>
    <record id="account_financial_report_l10n_lu_bs_line_1_3_2_4" model="account.financial.html.report.line">
        <field name="name">4. Payments on account and tangible assets in the course of construction</field>
        <field name="code">LU_BS_133</field>
        <field name="level" eval="3"/>
        <field name="sequence" eval="4"/>
        <field name="domain" eval="[('account_id.code', '=like', '224%')]" />
        <field name="groupby">account_id</field>
        <field name="formulas">sum</field>
        <field name="parent_id" ref="account_financial_report_l10n_lu_bs_line_1_3_2"/>
    </record>
    <record id="account_financial_report_l10n_lu_bs_line_1_3_3" model="account.financial.html.report.line">
        <field name="name">III. Financial assets</field>
        <field name="code">LU_BS_135</field>
        <field name="level" eval="2"/>
        <field name="sequence" eval="3"/>
        <field name="formulas">LU_BS_137 + LU_BS_139 + LU_BS_141 + LU_BS_143 + LU_BS_145 + LU_BS_147</field>
        <field name="parent_id" ref="account_financial_report_l10n_lu_bs_line_1_3"/>
    </record>
    <record id="account_financial_report_l10n_lu_bs_line_1_3_3_1" model="account.financial.html.report.line">
        <field name="name">1. Shares in affiliated undertakings</field>
        <field name="code">LU_BS_137</field>
        <field name="level" eval="3"/>
        <field name="sequence" eval="1"/>
        <field name="domain" eval="[('account_id.code', '=like', '231%')]" />
        <field name="groupby">account_id</field>
        <field name="formulas">sum</field>
        <field name="parent_id" ref="account_financial_report_l10n_lu_bs_line_1_3_3"/>
    </record>
    <record id="account_financial_report_l10n_lu_bs_line_1_3_3_2" model="account.financial.html.report.line">
        <field name="name">2. Loans to affiliated undertaking</field>
        <field name="code">LU_BS_139</field>
        <field name="level" eval="3"/>
        <field name="sequence" eval="2"/>
        <field name="domain" eval="[('account_id.code', '=like', '232%')]" />
        <field name="groupby">account_id</field>
        <field name="formulas">sum</field>
        <field name="parent_id" ref="account_financial_report_l10n_lu_bs_line_1_3_3"/>
    </record>
    <record id="account_financial_report_l10n_lu_bs_line_1_3_3_3" model="account.financial.html.report.line">
        <field name="name">3. Participating interests</field>
        <field name="code">LU_BS_141</field>
        <field name="level" eval="3"/>
        <field name="sequence" eval="3"/>
        <field name="domain" eval="[('account_id.code', '=like', '233%')]" />
        <field name="groupby">account_id</field>
        <field name="formulas">sum</field>
        <field name="parent_id" ref="account_financial_report_l10n_lu_bs_line_1_3_3"/>
    </record>
    <record id="account_financial_report_l10n_lu_bs_line_1_3_3_4" model="account.financial.html.report.line">
        <field name="name">4. Loans to undertakings with which the undertaking is linked by virtue of participating interests</field>
        <field name="code">LU_BS_143</field>
        <field name="level" eval="3"/>
        <field name="sequence" eval="4"/>
        <field name="domain" eval="[('account_id.code', '=like', '234%')]" />
        <field name="groupby">account_id</field>
        <field name="formulas">sum</field>
        <field name="parent_id" ref="account_financial_report_l10n_lu_bs_line_1_3_3"/>
    </record>
    <record id="account_financial_report_l10n_lu_bs_line_1_3_3_5" model="account.financial.html.report.line">
        <field name="name">5. Investments held as fixed assets</field>
        <field name="code">LU_BS_145</field>
        <field name="level" eval="3"/>
        <field name="sequence" eval="5"/>
        <field name="domain" eval="[('account_id.code', '=like', '235%')]" />
        <field name="groupby">account_id</field>
        <field name="formulas">sum</field>
        <field name="parent_id" ref="account_financial_report_l10n_lu_bs_line_1_3_3"/>
    </record>
    <record id="account_financial_report_l10n_lu_bs_line_1_3_3_6" model="account.financial.html.report.line">
        <field name="name">6. Other loans</field>
        <field name="code">LU_BS_147</field>
        <field name="level" eval="3"/>
        <field name="sequence" eval="6"/>
        <field name="domain" eval="[('account_id.code', '=like', '236%')]" />
        <field name="groupby">account_id</field>
        <field name="formulas">sum</field>
        <field name="parent_id" ref="account_financial_report_l10n_lu_bs_line_1_3_3"/>
    </record>
    <record id="account_financial_report_l10n_lu_bs_line_1_4" model="account.financial.html.report.line">
        <field name="name">D. Current assets</field>
        <field name="code">LU_BS_151</field>
        <field name="level" eval="1"/>
        <field name="sequence" eval="4"/>
        <field name="formulas">LU_BS_153 + LU_BS_163 + LU_BS_189 + LU_BS_197</field>
        <field name="parent_id" ref="account_financial_report_l10n_lu_bs_line_1"/>
    </record>
    <record id="account_financial_report_l10n_lu_bs_line_1_4_1" model="account.financial.html.report.line">
        <field name="name">I. Stocks</field>
        <field name="code">LU_BS_153</field>
        <field name="level" eval="2"/>
        <field name="sequence" eval="1"/>
        <field name="formulas">LU_BS_155 + LU_BS_157 + LU_BS_159 + LU_BS_161</field>
        <field name="parent_id" ref="account_financial_report_l10n_lu_bs_line_1_4"/>
    </record>
    <record id="account_financial_report_l10n_lu_bs_line_1_4_1_1" model="account.financial.html.report.line">
        <field name="name">1. Raw materials and consumables</field>
        <field name="code">LU_BS_155</field>
        <field name="level" eval="3"/>
        <field name="sequence" eval="1"/>
        <field name="domain" eval="[('account_id.code', '=like', '30%')]" />
        <field name="groupby">account_id</field>
        <field name="formulas">sum</field>
        <field name="parent_id" ref="account_financial_report_l10n_lu_bs_line_1_4_1"/>
    </record>
    <record id="account_financial_report_l10n_lu_bs_line_1_4_1_2" model="account.financial.html.report.line">
        <field name="name">2. Work in progress</field>
        <field name="code">LU_BS_157</field>
        <field name="level" eval="3"/>
        <field name="sequence" eval="2"/>
        <field name="domain" eval="[('account_id.code', '=like', '31%')]" />
        <field name="groupby">account_id</field>
        <field name="formulas">sum</field>
        <field name="parent_id" ref="account_financial_report_l10n_lu_bs_line_1_4_1"/>
    </record>
    <record id="account_financial_report_l10n_lu_bs_line_1_4_1_3" model="account.financial.html.report.line">
        <field name="name">3. Finished goods and goods for resale</field>
        <field name="code">LU_BS_159</field>
        <field name="level" eval="3"/>
        <field name="sequence" eval="3"/>
        <field name="domain" eval="['|', ('account_id.code', '=like', '32%'), ('account_id.code', '=like', '36%')]" />
        <field name="groupby">account_id</field>
        <field name="formulas">sum</field>
        <field name="parent_id" ref="account_financial_report_l10n_lu_bs_line_1_4_1"/>
    </record>
    <record id="account_financial_report_l10n_lu_bs_line_1_4_1_4" model="account.financial.html.report.line">
        <field name="name">4. Payments on account</field>
        <field name="code">LU_BS_161</field>
        <field name="level" eval="3"/>
        <field name="sequence" eval="4"/>
        <field name="domain" eval="['|', ('account_id.code', '=like', '34%'), ('account_id.code', '=like', '37%')]" />
        <field name="groupby">account_id</field>
        <field name="formulas">sum</field>
        <field name="parent_id" ref="account_financial_report_l10n_lu_bs_line_1_4_1"/>
    </record>
    <record id="account_financial_report_l10n_lu_bs_line_1_4_2" model="account.financial.html.report.line">
        <field name="name">II. Debtors</field>
        <field name="code">LU_BS_163</field>
        <field name="level" eval="2"/>
        <field name="sequence" eval="2"/>
        <field name="formulas">LU_BS_165 + LU_BS_171 + LU_BS_177 + LU_BS_183</field>
        <field name="parent_id" ref="account_financial_report_l10n_lu_bs_line_1_4"/>
    </record>
    <record id="account_financial_report_l10n_lu_bs_line_1_4_2_1" model="account.financial.html.report.line">
        <field name="name">1. Trade debtors</field>
        <field name="code">LU_BS_165</field>
        <field name="level" eval="3"/>
        <field name="sequence" eval="1"/>
        <field name="formulas">LU_BS_167 + LU_BS_169</field>
        <field name="parent_id" ref="account_financial_report_l10n_lu_bs_line_1_4_2"/>
    </record>
    <record id="account_financial_report_l10n_lu_bs_line_1_4_2_1_1" model="account.financial.html.report.line">
        <field name="name">a) becoming due and payable within one year</field>
        <field name="code">LU_BS_167</field>
        <field name="level" eval="4"/>
        <field name="sequence" eval="1"/>
        <field name="domain" eval="
            [
                '|', '|', '|', '|', '|',
                ('account_id.code', '=like', '4011%'),
                ('account_id.code', '=like', '4012%'),
                ('account_id.code', '=like', '4013%'),
                ('account_id.code', '=like', '4014%'),
                ('account_id.code', '=like', '4019%'),
                ('account_id.code', '=like', '44113%')
            ]"
        />
        <field name="groupby">account_id</field>
        <field name="formulas">sum</field>
        <field name="parent_id" ref="account_financial_report_l10n_lu_bs_line_1_4_2_1"/>
    </record>
    <record id="account_financial_report_l10n_lu_bs_line_1_4_2_1_2" model="account.financial.html.report.line">
        <field name="name">b) becoming due and payable after more than one year</field>
        <field name="code">LU_BS_169</field>
        <field name="level" eval="4"/>
        <field name="sequence" eval="2"/>
        <field name="domain" eval="
            [
                '|', '|',
                ('account_id.code', '=like', '4021%'),
                ('account_id.code', '=like', '4029%'),
                ('account_id.code', '=like', '44123%')
            ]"
        />
        <field name="groupby">account_id</field>
        <field name="formulas">sum</field>
        <field name="parent_id" ref="account_financial_report_l10n_lu_bs_line_1_4_2_1"/>
    </record>
    <record id="account_financial_report_l10n_lu_bs_line_1_4_2_2" model="account.financial.html.report.line">
        <field name="name">2. Amounts owed by affiliated undertakings</field>
        <field name="code">LU_BS_171</field>
        <field name="level" eval="3"/>
        <field name="sequence" eval="2"/>
        <field name="formulas">LU_BS_173 + LU_BS_175</field>
        <field name="parent_id" ref="account_financial_report_l10n_lu_bs_line_1_4_2"/>
    </record>
    <record id="account_financial_report_l10n_lu_bs_line_1_4_2_2_1" model="account.financial.html.report.line">
        <field name="name">a) becoming due and payable within one year</field>
        <field name="code">LU_BS_173</field>
        <field name="level" eval="4"/>
        <field name="sequence" eval="1"/>
        <field name="domain" eval="[('account_id.code', '=like', '4111%')]" />
        <field name="groupby">account_id</field>
        <field name="formulas">sum</field>
        <field name="parent_id" ref="account_financial_report_l10n_lu_bs_line_1_4_2_2"/>
    </record>
    <record id="account_financial_report_l10n_lu_bs_line_1_4_2_2_2" model="account.financial.html.report.line">
        <field name="name">b) becoming due and payable after more than one year</field>
        <field name="code">LU_BS_175</field>
        <field name="level" eval="4"/>
        <field name="sequence" eval="2"/>
        <field name="domain" eval="[('account_id.code', '=like', '4112%')]" />
        <field name="groupby">account_id</field>
        <field name="formulas">sum</field>
        <field name="parent_id" ref="account_financial_report_l10n_lu_bs_line_1_4_2_2"/>
    </record>
    <record id="account_financial_report_l10n_lu_bs_line_1_4_2_3" model="account.financial.html.report.line">
        <field name="name">3. Amounts owed by undertakings with which the undertaking is linked by virtue of participating interests</field>
        <field name="code">LU_BS_177</field>
        <field name="level" eval="3"/>
        <field name="sequence" eval="3"/>
        <field name="formulas">LU_BS_179 + LU_BS_181</field>
        <field name="parent_id" ref="account_financial_report_l10n_lu_bs_line_1_4_2"/>
    </record>
    <record id="account_financial_report_l10n_lu_bs_line_1_4_2_3_1" model="account.financial.html.report.line">
        <field name="name">a) becoming due and payable within one year</field>
        <field name="code">LU_BS_179</field>
        <field name="level" eval="4"/>
        <field name="sequence" eval="1"/>
        <field name="domain" eval="[('account_id.code', '=like', '4121%')]" />
        <field name="groupby">account_id</field>
        <field name="formulas">sum</field>
        <field name="parent_id" ref="account_financial_report_l10n_lu_bs_line_1_4_2_3"/>
    </record>
    <record id="account_financial_report_l10n_lu_bs_line_1_4_2_3_2" model="account.financial.html.report.line">
        <field name="name">b) becoming due and payable after more than one year</field>
        <field name="code">LU_BS_181</field>
        <field name="level" eval="4"/>
        <field name="sequence" eval="2"/>
        <field name="domain" eval="[('account_id.code', '=like', '4122%')]" />
        <field name="groupby">account_id</field>
        <field name="formulas">sum</field>
        <field name="parent_id" ref="account_financial_report_l10n_lu_bs_line_1_4_2_3"/>
    </record>
    <record id="account_financial_report_l10n_lu_bs_line_1_4_2_4" model="account.financial.html.report.line">
        <field name="name">4. Other debtors</field>
        <field name="code">LU_BS_183</field>
        <field name="level" eval="3"/>
        <field name="sequence" eval="4"/>
        <field name="formulas">LU_BS_185 + LU_BS_187</field>
        <field name="parent_id" ref="account_financial_report_l10n_lu_bs_line_1_4_2"/>
    </record>
    <record id="account_financial_report_l10n_lu_bs_line_1_4_2_4_1" model="account.financial.html.report.line">
        <field name="name">a) becoming due and payable within one year</field>
        <field name="code">LU_BS_185</field>
        <field name="level" eval="4"/>
        <field name="sequence" eval="1"/>
        <field name="domain" eval="[('account_id.code', '=like', '421%')]" />
        <field name="groupby">account_id</field>
        <field name="formulas">sum</field>
        <field name="parent_id" ref="account_financial_report_l10n_lu_bs_line_1_4_2_4"/>
    </record>
    <record id="account_financial_report_l10n_lu_bs_line_1_4_2_4_2" model="account.financial.html.report.line">
        <field name="name">b) becoming due and payable after more than one year</field>
        <field name="code">LU_BS_187</field>
        <field name="level" eval="4"/>
        <field name="sequence" eval="2"/>
        <field name="domain" eval="[('account_id.code', '=like', '422%')]" />
        <field name="groupby">account_id</field>
        <field name="formulas">sum</field>
        <field name="parent_id" ref="account_financial_report_l10n_lu_bs_line_1_4_2_4"/>
    </record>
    <record id="account_financial_report_l10n_lu_bs_line_1_4_3" model="account.financial.html.report.line">
        <field name="name">III. Investments</field>
        <field name="code">LU_BS_189</field>
        <field name="level" eval="2"/>
        <field name="sequence" eval="3"/>
        <field name="formulas">LU_BS_191 + LU_BS_209 + LU_BS_195</field>
        <field name="parent_id" ref="account_financial_report_l10n_lu_bs_line_1_4"/>
    </record>
    <record id="account_financial_report_l10n_lu_bs_line_1_4_3_1" model="account.financial.html.report.line">
        <field name="name">1. Shares in affiliated undertakings</field>
        <field name="code">LU_BS_191</field>
        <field name="level" eval="3"/>
        <field name="sequence" eval="1"/>
        <field name="domain" eval="[('account_id.code', '=like', '501%')]" />
        <field name="groupby">account_id</field>
        <field name="formulas">sum</field>
        <field name="parent_id" ref="account_financial_report_l10n_lu_bs_line_1_4_3"/>
    </record>
    <record id="account_financial_report_l10n_lu_bs_line_1_4_3_2" model="account.financial.html.report.line">
        <field name="name">2. Own shares</field>
        <field name="code">LU_BS_209</field>
        <field name="level" eval="3"/>
        <field name="sequence" eval="2"/>
        <field name="domain" eval="[('account_id.code', '=like', '503%')]" />
        <field name="groupby">account_id</field>
        <field name="formulas">sum</field>
        <field name="parent_id" ref="account_financial_report_l10n_lu_bs_line_1_4_3"/>
    </record>
    <record id="account_financial_report_l10n_lu_bs_line_1_4_3_3" model="account.financial.html.report.line">
        <field name="name">3. Other investments</field>
        <field name="code">LU_BS_195</field>
        <field name="level" eval="3"/>
        <field name="sequence" eval="3"/>
        <field name="domain" eval="['|', ('account_id.code', '=like', '502%'), ('account_id.code', '=like', '508%')]" />
        <field name="groupby">account_id</field>
        <field name="formulas">sum</field>
        <field name="parent_id" ref="account_financial_report_l10n_lu_bs_line_1_4_3"/>
    </record>
    <record id="account_financial_report_l10n_lu_bs_line_1_4_4" model="account.financial.html.report.line">
        <field name="name">IV. Cash at bank and in hand</field>
        <field name="code">LU_BS_197</field>
        <field name="level" eval="2"/>
        <field name="sequence" eval="4"/>
        <field name="domain" eval="
            [
                '|', ('account_id.code', '=like', '5130%'),
                '|', ('account_id.code', '=like', '5131%'),
                '|', ('account_id.code', '=like', '516%'),
                '|', ('account_id.code', '=like', '5171%'),
                ('account_id.code', '=like', '518%')
            ]"
        />
        <field name="groupby">account_id</field>
        <field name="formulas">sum</field>
        <field name="parent_id" ref="account_financial_report_l10n_lu_bs_line_1_4"/>
    </record>
    <record id="account_financial_report_l10n_lu_bs_line_1_5" model="account.financial.html.report.line">
        <field name="name">E. Prepayments</field>
        <field name="code">LU_BS_199</field>
        <field name="level" eval="1"/>
        <field name="sequence" eval="5"/>
        <field name="domain" eval="['|', '|', ('account_id.code', '=like', '481%'), ('account_id.code', '=like', '484%'), ('account_id.code', '=like', '486%')]" />
        <field name="groupby">account_id</field>
        <field name="formulas">sum</field>
        <field name="parent_id" ref="account_financial_report_l10n_lu_bs_line_1"/>
    </record>
    <record id="account_financial_report_l10n_lu_bs_line_1_6" model="account.financial.html.report.line">
        <field name="name">TOTAL (ASSETS)</field>
        <field name="code">LU_BS_201</field>
        <field name="level" eval="0"/>
        <field name="sequence" eval="6"/>
        <field name="formulas">LU_BS_101 + LU_BS_107 + LU_BS_109 + LU_BS_151 + LU_BS_199</field>
        <field name="parent_id" ref="account_financial_report_l10n_lu_bs_line_1"/>
    </record>

    <record id="account_financial_report_l10n_lu_bs_line_2" model="account.financial.html.report.line">
        <field name="name">CAPITAL, RESERVES AND LIABILITIES</field>
        <field name="level" eval="0"/>
        <field name="sequence" eval="2"/>
        <field name="financial_report_id" ref="account_financial_report_l10n_lu_bs"/>
    </record>
    <record id="account_financial_report_l10n_lu_bs_line_2_1" model="account.financial.html.report.line">
        <field name="name">A. Capital and reserves</field>
        <field name="code">LU_BS_301</field>
        <field name="level" eval="1"/>
        <field name="sequence" eval="1"/>
        <field name="formulas">LU_BS_303 + LU_BS_305 + LU_BS_307 + LU_BS_309 + LU_BS_319 + LU_BS_321 + LU_BS_323 + LU_BS_325</field>
        <field name="parent_id" ref="account_financial_report_l10n_lu_bs_line_2"/>
    </record>
    <record id="account_financial_report_l10n_lu_bs_line_2_1_1" model="account.financial.html.report.line">
        <field name="name">I. Subscribed capital</field>
        <field name="code">LU_BS_303</field>
        <field name="level" eval="2"/>
        <field name="sequence" eval="1"/>
        <field name="domain" eval="['|', '|', '|', ('account_id.code', '=like', '101%'), ('account_id.code', '=like', '104%'), ('account_id.code', '=like', '105%'), ('account_id.code', '=like', '106%')]" />
        <field name="groupby">account_id</field>
        <field name="formulas">-sum</field>
        <field name="parent_id" ref="account_financial_report_l10n_lu_bs_line_2_1"/>
    </record>
    <record id="account_financial_report_l10n_lu_bs_line_2_1_2" model="account.financial.html.report.line">
        <field name="name">II. Share premium account</field>
        <field name="code">LU_BS_305</field>
        <field name="level" eval="2"/>
        <field name="sequence" eval="2"/>
        <field name="domain" eval="[('account_id.code', '=like', '11%')]" />
        <field name="groupby">account_id</field>
        <field name="formulas">-sum</field>
        <field name="parent_id" ref="account_financial_report_l10n_lu_bs_line_2_1"/>
    </record>
    <record id="account_financial_report_l10n_lu_bs_line_2_1_3" model="account.financial.html.report.line">
        <field name="name">III. Revaluation reserve</field>
        <field name="code">LU_BS_307</field>
        <field name="level" eval="2"/>
        <field name="sequence" eval="3"/>
        <field name="domain" eval="[('account_id.code', '=like', '12%')]" />
        <field name="groupby">account_id</field>
        <field name="formulas">-sum</field>
        <field name="parent_id" ref="account_financial_report_l10n_lu_bs_line_2_1"/>
    </record>
    <record id="account_financial_report_l10n_lu_bs_line_2_1_4" model="account.financial.html.report.line">
        <field name="name">IV. Reserves</field>
        <field name="code">LU_BS_309</field>
        <field name="level" eval="2"/>
        <field name="sequence" eval="4"/>
        <field name="formulas">LU_BS_311 + LU_BS_313 + LU_BS_315 + LU_BS_429</field>
        <field name="parent_id" ref="account_financial_report_l10n_lu_bs_line_2_1"/>
    </record>
    <record id="account_financial_report_l10n_lu_bs_line_2_1_4_1" model="account.financial.html.report.line">
        <field name="name">1. Legal reserve</field>
        <field name="code">LU_BS_311</field>
        <field name="level" eval="3"/>
        <field name="sequence" eval="1"/>
        <field name="domain" eval="[('account_id.code', '=like', '131%')]" />
        <field name="groupby">account_id</field>
        <field name="formulas">-sum</field>
        <field name="parent_id" ref="account_financial_report_l10n_lu_bs_line_2_1_4"/>
    </record>
    <record id="account_financial_report_l10n_lu_bs_line_2_1_4_2" model="account.financial.html.report.line">
        <field name="name">2. Reserve for own shares</field>
        <field name="code">LU_BS_313</field>
        <field name="level" eval="3"/>
        <field name="sequence" eval="2"/>
        <field name="domain" eval="[('account_id.code', '=like', '132%')]" />
        <field name="groupby">account_id</field>
        <field name="formulas">-sum</field>
        <field name="parent_id" ref="account_financial_report_l10n_lu_bs_line_2_1_4"/>
    </record>
    <record id="account_financial_report_l10n_lu_bs_line_2_1_4_3" model="account.financial.html.report.line">
        <field name="name">3. Reserves provided for by the articles of association</field>
        <field name="code">LU_BS_315</field>
        <field name="level" eval="3"/>
        <field name="sequence" eval="3"/>
        <field name="domain" eval="[('account_id.code', '=like', '133%')]" />
        <field name="groupby">account_id</field>
        <field name="formulas">-sum</field>
        <field name="parent_id" ref="account_financial_report_l10n_lu_bs_line_2_1_4"/>
    </record>
    <record id="account_financial_report_l10n_lu_bs_line_2_1_4_4" model="account.financial.html.report.line">
        <field name="name">4. Other reserves, including the fair value reserve</field>
        <field name="code">LU_BS_429</field>
        <field name="level" eval="3"/>
        <field name="sequence" eval="4"/>
        <field name="formulas">LU_BS_431 + LU_BS_433</field>
        <field name="parent_id" ref="account_financial_report_l10n_lu_bs_line_2_1_4"/>
    </record>
    <record id="account_financial_report_l10n_lu_bs_line_2_1_4_4_1" model="account.financial.html.report.line">
        <field name="name">a) other available reserves</field>
        <field name="code">LU_BS_431</field>
        <field name="level" eval="4"/>
        <field name="sequence" eval="1"/>
        <field name="domain" eval="[('account_id.code', '=like', '1381%')]" />
        <field name="groupby">account_id</field>
        <field name="formulas">-sum</field>
        <field name="parent_id" ref="account_financial_report_l10n_lu_bs_line_2_1_4_4"/>
    </record>
    <record id="account_financial_report_l10n_lu_bs_line_2_1_4_4_2" model="account.financial.html.report.line">
        <field name="name">b) other non available reserves</field>
        <field name="code">LU_BS_433</field>
        <field name="level" eval="4"/>
        <field name="sequence" eval="2"/>
        <field name="domain" eval="[('account_id.code', '=like', '1382%')]" />
        <field name="groupby">account_id</field>
        <field name="formulas">-sum</field>
        <field name="parent_id" ref="account_financial_report_l10n_lu_bs_line_2_1_4_4"/>
    </record>
    <record id="account_financial_report_l10n_lu_bs_line_2_1_5" model="account.financial.html.report.line">
        <field name="name">V. Profit or loss brought forward</field>
        <field name="code">LU_BS_319</field>
        <field name="level" eval="2"/>
        <field name="sequence" eval="5"/>
        <field name="domain" eval="[('account_id.code', '=like', '141%')]" />
        <field name="groupby">account_id</field>
        <field name="formulas">-sum</field>
        <field name="parent_id" ref="account_financial_report_l10n_lu_bs_line_2_1"/>
    </record>
    <record id="account_financial_report_l10n_lu_bs_line_2_1_6" model="account.financial.html.report.line">
        <field name="name">VI. Profit or loss for the financial year</field>
        <field name="code">LU_BS_321</field>
        <field name="level" eval="2"/>
        <field name="sequence" eval="6"/>
        <field name="domain" eval="['|', ('account_id.user_type_id', 'in', [ref('account.data_account_type_other_income'), ref('account.data_account_type_revenue'), ref('account.data_account_type_depreciation'), ref('account.data_account_type_expenses'), ref('account.data_account_type_direct_costs')]), ('account_id.code', '=like', '142%')]" />
        <field name="groupby"/>
        <field name="special_date_changer">from_beginning</field>
        <field name="formulas">-sum</field>
        <field name="parent_id" ref="account_financial_report_l10n_lu_bs_line_2_1"/>
        <field name="action_id" ref="account_financial_report_l10n_lu_pl_action"/>
    </record>
    <record id="account_financial_report_l10n_lu_bs_line_2_1_7" model="account.financial.html.report.line">
        <field name="name">VII. Interim dividends</field>
        <field name="code">LU_BS_323</field>
        <field name="level" eval="2"/>
        <field name="sequence" eval="7"/>
        <field name="domain" eval="[('account_id.code', '=like', '15%')]" />
        <field name="groupby">account_id</field>
        <field name="formulas">-sum</field>
        <field name="parent_id" ref="account_financial_report_l10n_lu_bs_line_2_1"/>
    </record>
    <record id="account_financial_report_l10n_lu_bs_line_2_1_8" model="account.financial.html.report.line">
        <field name="name">VIII. Capital investment subsidies</field>
        <field name="code">LU_BS_325</field>
        <field name="level" eval="2"/>
        <field name="sequence" eval="8"/>
        <field name="domain" eval="[('account_id.code', '=like', '16%')]" />
        <field name="groupby">account_id</field>
        <field name="formulas">-sum</field>
        <field name="parent_id" ref="account_financial_report_l10n_lu_bs_line_2_1"/>
    </record>
    <record id="account_financial_report_l10n_lu_bs_line_2_2" model="account.financial.html.report.line">
        <field name="name">B. Provisions</field>
        <field name="code">LU_BS_331</field>
        <field name="level" eval="1"/>
        <field name="sequence" eval="3"/>
        <field name="formulas">LU_BS_333 + LU_BS_335 + LU_BS_337</field>
        <field name="parent_id" ref="account_financial_report_l10n_lu_bs_line_2"/>
    </record>
    <record id="account_financial_report_l10n_lu_bs_line_2_2_1" model="account.financial.html.report.line">
        <field name="name">1. Provisions for pensions and similar obligations</field>
        <field name="code">LU_BS_333</field>
        <field name="level" eval="2"/>
        <field name="sequence" eval="1"/>
        <field name="domain" eval="[('account_id.code', '=like', '181%')]" />
        <field name="groupby">account_id</field>
        <field name="formulas">-sum</field>
        <field name="parent_id" ref="account_financial_report_l10n_lu_bs_line_2_2"/>
    </record>
    <record id="account_financial_report_l10n_lu_bs_line_2_2_2" model="account.financial.html.report.line">
        <field name="name">2. Provisions for taxation</field>
        <field name="code">LU_BS_335</field>
        <field name="level" eval="2"/>
        <field name="sequence" eval="2"/>
        <field name="domain" eval="['|', ('account_id.code', '=like', '182%'), ('account_id.code', '=like', '183%')]" />
        <field name="groupby">account_id</field>
        <field name="formulas">-sum</field>
        <field name="parent_id" ref="account_financial_report_l10n_lu_bs_line_2_2"/>
    </record>
    <record id="account_financial_report_l10n_lu_bs_line_2_2_3" model="account.financial.html.report.line">
        <field name="name">3. Other provisions</field>
        <field name="code">LU_BS_337</field>
        <field name="level" eval="2"/>
        <field name="sequence" eval="3"/>
        <field name="domain" eval="[('account_id.code', '=like', '188%')]" />
        <field name="groupby">account_id</field>
        <field name="formulas">-sum</field>
        <field name="parent_id" ref="account_financial_report_l10n_lu_bs_line_2_2"/>
    </record>
    <record id="account_financial_report_l10n_lu_bs_line_2_3" model="account.financial.html.report.line">
        <field name="name">C. Creditors</field>
        <field name="code">LU_BS_435</field>
        <field name="level" eval="1"/>
        <field name="sequence" eval="4"/>
        <field name="formulas">LU_BS_437 + LU_BS_355 + LU_BS_361 + LU_BS_367 + LU_BS_373 + LU_BS_379 + LU_BS_385 + LU_BS_451</field>
        <field name="parent_id" ref="account_financial_report_l10n_lu_bs_line_2"/>
    </record>
    <record id="account_financial_report_l10n_lu_bs_line_2_3_1" model="account.financial.html.report.line">
        <field name="name">1. Debenture loans</field>
        <field name="code">LU_BS_437</field>
        <field name="level" eval="2"/>
        <field name="sequence" eval="1"/>
        <field name="formulas">LU_BS_439 + LU_BS_445</field>
        <field name="parent_id" ref="account_financial_report_l10n_lu_bs_line_2_3"/>
    </record>
    <record id="account_financial_report_l10n_lu_bs_line_2_3_1_1" model="account.financial.html.report.line">
        <field name="name">a) Convertible loans</field>
        <field name="code">LU_BS_439</field>
        <field name="level" eval="3"/>
        <field name="sequence" eval="1"/>
        <field name="formulas">LU_BS_441 + LU_BS_443</field>
        <field name="parent_id" ref="account_financial_report_l10n_lu_bs_line_2_3_1"/>
    </record>
    <record id="account_financial_report_l10n_lu_bs_line_2_3_1_1_1" model="account.financial.html.report.line">
        <field name="name">i) becoming due and payable within one year</field>
        <field name="code">LU_BS_441</field>
        <field name="level" eval="4"/>
        <field name="sequence" eval="1"/>
        <field name="domain" eval="['|', ('account_id.code', '=like', '1911%'), ('account_id.code', '=like', '1921%')]" />
        <field name="groupby">account_id</field>
        <field name="formulas">-sum</field>
        <field name="parent_id" ref="account_financial_report_l10n_lu_bs_line_2_3_1_1"/>
    </record>
    <record id="account_financial_report_l10n_lu_bs_line_2_3_1_1_2" model="account.financial.html.report.line">
        <field name="name">ii) becoming due and payable after more than one year</field>
        <field name="code">LU_BS_443</field>
        <field name="level" eval="4"/>
        <field name="sequence" eval="2"/>
        <field name="domain" eval="['|', ('account_id.code', '=like', '1912%'), ('account_id.code', '=like', '1922%')]" />
        <field name="groupby">account_id</field>
        <field name="formulas">-sum</field>
        <field name="parent_id" ref="account_financial_report_l10n_lu_bs_line_2_3_1_1"/>
    </record>
    <record id="account_financial_report_l10n_lu_bs_line_2_3_1_2" model="account.financial.html.report.line">
        <field name="name">b) Non convertible loans</field>
        <field name="code">LU_BS_445</field>
        <field name="level" eval="3"/>
        <field name="sequence" eval="2"/>
        <field name="formulas">LU_BS_447 + LU_BS_449</field>
        <field name="parent_id" ref="account_financial_report_l10n_lu_bs_line_2_3_1"/>
    </record>
    <record id="account_financial_report_l10n_lu_bs_line_2_3_1_2_1" model="account.financial.html.report.line">
        <field name="name">i) becoming due and payable within one year</field>
        <field name="code">LU_BS_447</field>
        <field name="level" eval="4"/>
        <field name="sequence" eval="1"/>
        <field name="domain" eval="[('account_id.code', '=like', '1931%')]" />
        <field name="groupby">account_id</field>
        <field name="formulas">-sum</field>
        <field name="parent_id" ref="account_financial_report_l10n_lu_bs_line_2_3_1_2"/>
    </record>
    <record id="account_financial_report_l10n_lu_bs_line_2_3_1_2_2" model="account.financial.html.report.line">
        <field name="name">ii) becoming due and payable after more than one year</field>
        <field name="code">LU_BS_449</field>
        <field name="level" eval="4"/>
        <field name="sequence" eval="2"/>
        <field name="domain" eval="[('account_id.code', '=like', '1932%')]" />
        <field name="groupby">account_id</field>
        <field name="formulas">-sum</field>
        <field name="parent_id" ref="account_financial_report_l10n_lu_bs_line_2_3_1_2"/>
    </record>
    <record id="account_financial_report_l10n_lu_bs_line_2_3_2" model="account.financial.html.report.line">
        <field name="name">2. Amounts owed to credit institutions</field>
        <field name="code">LU_BS_355</field>
        <field name="level" eval="2"/>
        <field name="sequence" eval="2"/>
        <field name="formulas">LU_BS_357 + LU_BS_359</field>
        <field name="parent_id" ref="account_financial_report_l10n_lu_bs_line_2_3"/>
    </record>
    <record id="account_financial_report_l10n_lu_bs_line_2_3_2_1" model="account.financial.html.report.line">
        <field name="name">a) becoming due and payable within one year</field>
        <field name="code">LU_BS_357</field>
        <field name="level" eval="3"/>
        <field name="sequence" eval="1"/>
        <field name="domain" eval="
            [
                '|', ('account_id.code', '=like', '1941%'),
                '|', ('account_id.code', '=like', '5132%'),
                ('account_id.code', '=like', '5172%')
            ]"
        />
        <field name="groupby">account_id</field>
        <field name="formulas">-sum</field>
        <field name="parent_id" ref="account_financial_report_l10n_lu_bs_line_2_3_2"/>
    </record>
    <record id="account_financial_report_l10n_lu_bs_line_2_3_2_2" model="account.financial.html.report.line">
        <field name="name">b) becoming due and payable after more than one year</field>
        <field name="code">LU_BS_359</field>
        <field name="level" eval="3"/>
        <field name="sequence" eval="2"/>
        <field name="domain" eval="[('account_id.code', '=like', '1942%')]" />
        <field name="groupby">account_id</field>
        <field name="formulas">-sum</field>
        <field name="parent_id" ref="account_financial_report_l10n_lu_bs_line_2_3_2"/>
    </record>
    <record id="account_financial_report_l10n_lu_bs_line_2_3_3" model="account.financial.html.report.line">
        <field name="name">3. Payments received on account of orders in so far as they are shown separately as deductions from stocks</field>
        <field name="code">LU_BS_361</field>
        <field name="level" eval="2"/>
        <field name="sequence" eval="3"/>
        <field name="formulas">LU_BS_363 + LU_BS_365</field>
        <field name="parent_id" ref="account_financial_report_l10n_lu_bs_line_2_3"/>
    </record>
    <record id="account_financial_report_l10n_lu_bs_line_2_3_3_1" model="account.financial.html.report.line">
        <field name="name">a) becoming due and payable within one year</field>
        <field name="code">LU_BS_363</field>
        <field name="level" eval="3"/>
        <field name="sequence" eval="1"/>
        <field name="domain" eval="[('account_id.code', '=like', '431%')]" />
        <field name="groupby">account_id</field>
        <field name="formulas">-sum</field>
        <field name="parent_id" ref="account_financial_report_l10n_lu_bs_line_2_3_3"/>
    </record>
    <record id="account_financial_report_l10n_lu_bs_line_2_3_3_2" model="account.financial.html.report.line">
        <field name="name">b) becoming due and payable after more than one year</field>
        <field name="code">LU_BS_365</field>
        <field name="level" eval="3"/>
        <field name="sequence" eval="2"/>
        <field name="domain" eval="[('account_id.code', '=like', '432%')]" />
        <field name="groupby">account_id</field>
        <field name="formulas">-sum</field>
        <field name="parent_id" ref="account_financial_report_l10n_lu_bs_line_2_3_3"/>
    </record>
    <record id="account_financial_report_l10n_lu_bs_line_2_3_4" model="account.financial.html.report.line">
        <field name="name">4. Trade creditors</field>
        <field name="code">LU_BS_367</field>
        <field name="level" eval="2"/>
        <field name="sequence" eval="4"/>
        <field name="formulas">LU_BS_369 + LU_BS_371</field>
        <field name="parent_id" ref="account_financial_report_l10n_lu_bs_line_2_3"/>
    </record>
    <record id="account_financial_report_l10n_lu_bs_line_2_3_4_1" model="account.financial.html.report.line">
        <field name="name">a) becoming due and payable within one year</field>
        <field name="code">LU_BS_369</field>
        <field name="level" eval="3"/>
        <field name="sequence" eval="1"/>
        <field name="domain" eval="['|', '|', ('account_id.code', '=like', '4015%'), ('account_id.code', '=like', '44111%'), ('account_id.code', '=like', '44112%')]" />
        <field name="groupby">account_id</field>
        <field name="formulas">-sum</field>
        <field name="parent_id" ref="account_financial_report_l10n_lu_bs_line_2_3_4"/>
    </record>
    <record id="account_financial_report_l10n_lu_bs_line_2_3_4_2" model="account.financial.html.report.line">
        <field name="name">b) becoming due and payable after more than one year</field>
        <field name="code">LU_BS_371</field>
        <field name="level" eval="3"/>
        <field name="sequence" eval="2"/>
        <field name="domain" eval="['!', ('account_id.code', '=like', '44123%'), '|', ('account_id.code', '=like', '4025%'), ('account_id.code', '=like', '4412%')]" />
        <field name="groupby">account_id</field>
        <field name="formulas">-sum</field>
        <field name="parent_id" ref="account_financial_report_l10n_lu_bs_line_2_3_4"/>
    </record>
    <record id="account_financial_report_l10n_lu_bs_line_2_3_5" model="account.financial.html.report.line">
        <field name="name">5. Bills of exchange payable</field>
        <field name="code">LU_BS_373</field>
        <field name="level" eval="2"/>
        <field name="sequence" eval="5"/>
        <field name="formulas">LU_BS_375 + LU_BS_377</field>
        <field name="parent_id" ref="account_financial_report_l10n_lu_bs_line_2_3"/>
    </record>
    <record id="account_financial_report_l10n_lu_bs_line_2_3_5_1" model="account.financial.html.report.line">
        <field name="name">a) becoming due and payable within one year</field>
        <field name="code">LU_BS_375</field>
        <field name="level" eval="3"/>
        <field name="sequence" eval="1"/>
        <field name="domain" eval="[('account_id.code', '=like', '4421%')]" />
        <field name="groupby">account_id</field>
        <field name="formulas">-sum</field>
        <field name="parent_id" ref="account_financial_report_l10n_lu_bs_line_2_3_5"/>
    </record>
    <record id="account_financial_report_l10n_lu_bs_line_2_3_5_2" model="account.financial.html.report.line">
        <field name="name">b) becoming due and payable after more than one year</field>
        <field name="code">LU_BS_377</field>
        <field name="level" eval="3"/>
        <field name="sequence" eval="2"/>
        <field name="domain" eval="[('account_id.code', '=like', '4422%')]" />
        <field name="groupby">account_id</field>
        <field name="formulas">-sum</field>
        <field name="parent_id" ref="account_financial_report_l10n_lu_bs_line_2_3_5"/>
    </record>
    <record id="account_financial_report_l10n_lu_bs_line_2_3_6" model="account.financial.html.report.line">
        <field name="name">6. Amounts owed to affiliated undertakings</field>
        <field name="code">LU_BS_379</field>
        <field name="level" eval="2"/>
        <field name="sequence" eval="6"/>
        <field name="formulas">LU_BS_381 + LU_BS_383</field>
        <field name="parent_id" ref="account_financial_report_l10n_lu_bs_line_2_3"/>
    </record>
    <record id="account_financial_report_l10n_lu_bs_line_2_3_6_1" model="account.financial.html.report.line">
        <field name="name">a) becoming due and payable within one year</field>
        <field name="code">LU_BS_381</field>
        <field name="level" eval="3"/>
        <field name="sequence" eval="1"/>
        <field name="domain" eval="[('account_id.code', '=like', '4511%')]" />
        <field name="groupby">account_id</field>
        <field name="formulas">-sum</field>
        <field name="parent_id" ref="account_financial_report_l10n_lu_bs_line_2_3_6"/>
    </record>
    <record id="account_financial_report_l10n_lu_bs_line_2_3_6_2" model="account.financial.html.report.line">
        <field name="name">b) becoming due and payable after more than one year</field>
        <field name="code">LU_BS_383</field>
        <field name="level" eval="3"/>
        <field name="sequence" eval="2"/>
        <field name="domain" eval="[('account_id.code', '=like', '4512%')]" />
        <field name="groupby">account_id</field>
        <field name="formulas">-sum</field>
        <field name="parent_id" ref="account_financial_report_l10n_lu_bs_line_2_3_6"/>
    </record>
    <record id="account_financial_report_l10n_lu_bs_line_2_3_7" model="account.financial.html.report.line">
        <field name="name">7. Amounts owed to undertakings with which the undertaking is linked by virtue of participating interests</field>
        <field name="code">LU_BS_385</field>
        <field name="level" eval="2"/>
        <field name="sequence" eval="7"/>
        <field name="formulas">LU_BS_387 + LU_BS_389</field>
        <field name="parent_id" ref="account_financial_report_l10n_lu_bs_line_2_3"/>
    </record>
    <record id="account_financial_report_l10n_lu_bs_line_2_3_7_1" model="account.financial.html.report.line">
        <field name="name">a) becoming due and payable within one year</field>
        <field name="code">LU_BS_387</field>
        <field name="level" eval="3"/>
        <field name="sequence" eval="1"/>
        <field name="domain" eval="[('account_id.code', '=like', '4521%')]" />
        <field name="groupby">account_id</field>
        <field name="formulas">-sum</field>
        <field name="parent_id" ref="account_financial_report_l10n_lu_bs_line_2_3_7"/>
    </record>
    <record id="account_financial_report_l10n_lu_bs_line_2_3_7_2" model="account.financial.html.report.line">
        <field name="name">b) becoming due and payable after more than one year</field>
        <field name="code">LU_BS_389</field>
        <field name="level" eval="3"/>
        <field name="sequence" eval="2"/>
        <field name="domain" eval="[('account_id.code', '=like', '4522%')]" />
        <field name="groupby">account_id</field>
        <field name="formulas">-sum</field>
        <field name="parent_id" ref="account_financial_report_l10n_lu_bs_line_2_3_7"/>
    </record>
    <record id="account_financial_report_l10n_lu_bs_line_2_3_8" model="account.financial.html.report.line">
        <field name="name">8. Other creditors</field>
        <field name="code">LU_BS_451</field>
        <field name="level" eval="2"/>
        <field name="sequence" eval="8"/>
        <field name="formulas">LU_BS_393 + LU_BS_395 + LU_BS_397</field>
        <field name="parent_id" ref="account_financial_report_l10n_lu_bs_line_2_3"/>
    </record>
    <record id="account_financial_report_l10n_lu_bs_line_2_3_8_1" model="account.financial.html.report.line">
        <field name="name">a) Tax authorities</field>
        <field name="code">LU_BS_393</field>
        <field name="level" eval="3"/>
        <field name="sequence" eval="1"/>
        <field name="domain" eval="[('account_id.code', '=like', '461%')]" />
        <field name="groupby">account_id</field>
        <field name="formulas">-sum</field>
        <field name="parent_id" ref="account_financial_report_l10n_lu_bs_line_2_3_8"/>
    </record>
    <record id="account_financial_report_l10n_lu_bs_line_2_3_8_2" model="account.financial.html.report.line">
        <field name="name">b) Social security authorities</field>
        <field name="code">LU_BS_395</field>
        <field name="level" eval="3"/>
        <field name="sequence" eval="2"/>
        <field name="domain" eval="[('account_id.code', '=like', '462%')]" />
        <field name="groupby">account_id</field>
        <field name="formulas">-sum</field>
        <field name="parent_id" ref="account_financial_report_l10n_lu_bs_line_2_3_8"/>
    </record>
    <record id="account_financial_report_l10n_lu_bs_line_2_3_8_3" model="account.financial.html.report.line">
        <field name="name">c) Other creditors</field>
        <field name="code">LU_BS_397</field>
        <field name="level" eval="3"/>
        <field name="sequence" eval="3"/>
        <field name="formulas">LU_BS_399 + LU_BS_401</field>
        <field name="parent_id" ref="account_financial_report_l10n_lu_bs_line_2_3_8"/>
    </record>
    <record id="account_financial_report_l10n_lu_bs_line_2_3_8_3_1" model="account.financial.html.report.line">
        <field name="name">i) becoming due and payable within one year</field>
        <field name="code">LU_BS_399</field>
        <field name="level" eval="4"/>
        <field name="sequence" eval="1"/>
        <field name="domain" eval="[('account_id.code', '=like', '471%')]" />
        <field name="groupby">account_id</field>
        <field name="formulas">-sum</field>
        <field name="parent_id" ref="account_financial_report_l10n_lu_bs_line_2_3_8_3"/>
    </record>
    <record id="account_financial_report_l10n_lu_bs_line_2_3_8_3_2" model="account.financial.html.report.line">
        <field name="name">ii) becoming due and payable after more than one year</field>
        <field name="code">LU_BS_401</field>
        <field name="level" eval="4"/>
        <field name="sequence" eval="2"/>
        <field name="domain" eval="[('account_id.code', '=like', '472%')]" />
        <field name="groupby">account_id</field>
        <field name="formulas">-sum</field>
        <field name="parent_id" ref="account_financial_report_l10n_lu_bs_line_2_3_8_3"/>
    </record>
    <record id="account_financial_report_l10n_lu_bs_line_2_4" model="account.financial.html.report.line">
        <field name="name">D. Deferred income</field>
        <field name="code">LU_BS_403</field>
        <field name="level" eval="1"/>
        <field name="sequence" eval="5"/>
        <field name="domain" eval="['|', '|', '|', ('account_id.code', '=like', '482%'), ('account_id.code', '=like', '483%'), ('account_id.code', '=like', '485%'), ('account_id.code', '=like', '487%')]" />
        <field name="groupby">account_id</field>
        <field name="formulas">-sum</field>
        <field name="parent_id" ref="account_financial_report_l10n_lu_bs_line_2"/>
    </record>
    <record id="account_financial_report_l10n_lu_bs_line_2_5" model="account.financial.html.report.line">
        <field name="name">TOTAL (CAPITAL, RESERVES AND LIABILITIES)</field>
        <field name="code">LU_BS_405</field>
        <field name="level" eval="0"/>
        <field name="sequence" eval="6"/>
        <field name="formulas">LU_BS_301 + LU_BS_331 + LU_BS_435 + LU_BS_403</field>
        <field name="parent_id" ref="account_financial_report_l10n_lu_bs_line_2"/>
    </record>
</odoo>
