id,name,model_id:id,group_id:id,perm_read,perm_write,perm_create,perm_unlink
access_sale_order_template,sale.order.template,model_sale_order_template,sales_team.group_sale_salesman,1,0,0,0
access_sale_order_template_manager,sale.order.template,model_sale_order_template,sales_team.group_sale_manager,1,1,1,1
access_sale_order_template_system,sale.order.template,model_sale_order_template,base.group_system,1,0,0,0
access_sale_order_template_line,sale.order.template.line,model_sale_order_template_line,sales_team.group_sale_salesman,1,0,0,0
access_sale_order_template_line_manager,sale.order.template.line,model_sale_order_template_line,sales_team.group_sale_manager,1,1,1,1
access_sale_order_template_option,sale.order.template.option,model_sale_order_template_option,sales_team.group_sale_salesman,1,0,0,0
access_sale_order_template_option_manager,sale.order.template.option,model_sale_order_template_option,sales_team.group_sale_manager,1,1,1,1
access_sale_order_option,sale.order.option,model_sale_order_option,sales_team.group_sale_salesman,1,1,1,1
access_sale_order_option_all,sale.order.option,model_sale_order_option,,1,0,0,0
