id,name,model_id:id,group_id:id,perm_read,perm_write,perm_create,perm_unlink
access_coupon_coupon,access_coupon_coupon,model_coupon_coupon,base.group_user,0,0,0,0
access_coupon_reward,access_coupon_reward,model_coupon_reward,base.group_user,0,0,0,0
access_coupon_rule,access_coupon_rule,model_coupon_rule,base.group_user,0,0,0,0
access_coupon_program,access_coupon_program,model_coupon_program,base.group_user,0,0,0,0
access_coupon_generate_wizard,access_coupon_generate_wizard,model_coupon_generate_wizard,base.group_user,0,0,0,0

