<?xml version="1.0" encoding="utf-8"?>
<odoo>
    <record model="ir.module.category" id="base.module_category_human_resources_approvals">
        <field name="description">Helps you manage your approvals.</field>
        <field name="sequence">9</field>
    </record>

    <record id="group_approval_user" model="res.groups">
        <field name="name">Approver</field>
        <field name="category_id" ref="base.module_category_human_resources_approvals"/>
        <field name="implied_ids" eval="[(6, 0, [ref('base.group_user')])]"/>
        <field name="comment">The user will be able to see approvals created by himself.</field>
    </record>

    <record id="group_approval_manager" model="res.groups">
        <field name="name">Administrator</field>
        <field name="comment">The user will have access to the approvals configuration.</field>
        <field name="category_id" ref="base.module_category_human_resources_approvals"/>
        <field name="implied_ids" eval="[(4, ref('group_approval_user'))]"/>
    </record>

    <data noupdate="1">
        <record id="base.default_user" model="res.users">
            <field name="groups_id" eval="[(4,ref('approvals.group_approval_manager'))]"/>
        </record>

        <record id="approval_request_request_owner_rule" model="ir.rule">
            <field name="name">Approval request request owner rule</field>
            <field name="model_id" ref="model_approval_request"/>
            <field name="groups" eval="[(4, ref('base.group_user'))]"/>
            <field name="perm_read" eval="1"/>
            <field name="perm_write" eval="1"/>
            <field name="perm_create" eval="1"/>
            <field name="perm_unlink" eval="0"/>
            <field name="domain_force">[('request_owner_id.id','=', user.id)]</field>
        </record>

        <record id="approval_request_unlink_request_owner_rule" model="ir.rule">
            <field name="name">Approval request unlink request owner rule</field>
            <field name="model_id" ref="model_approval_request"/>
            <field name="groups" eval="[(4, ref('base.group_user'))]"/>
            <field name="perm_read" eval="0"/>
            <field name="perm_write" eval="0"/>
            <field name="perm_create" eval="0"/>
            <field name="perm_unlink" eval="1"/>
            <field name="domain_force">[('request_owner_id.id', '=', user.id), ('request_status', 'in', ['cancel', 'new'])]</field>
        </record>

        <record id="approval_request_approvers_rule" model="ir.rule">
            <field name="name">Approval request approvers rule</field>
            <field name="model_id" ref="model_approval_request"/>
            <field name="groups" eval="[(4, ref('base.group_user'))]"/>
            <field name="perm_read" eval="1"/>
            <field name="perm_write" eval="0"/>
            <field name="perm_create" eval="0"/>
            <field name="perm_unlink" eval="0"/>
            <field name="domain_force">[('approver_ids.user_id.id','=', user.id)]</field>
        </record>

        <record id="approval_request_user" model="ir.rule">
            <field name="name">Approval request user</field>
            <field name="model_id" ref="model_approval_request"/>
            <field name="groups" eval="[(4, ref('group_approval_user'))]"/>
            <field name="perm_read" eval="1"/>
            <field name="perm_write" eval="1"/>
            <field name="perm_create" eval="1"/>
            <field name="perm_unlink" eval="0"/>
            <field name="domain_force">[(1, '=', 1)]</field>
        </record>

        <record id="approval_request_user_unlink" model="ir.rule">
            <field name="name">Approval request user unlink</field>
            <field name="model_id" ref="model_approval_request"/>
            <field name="groups" eval="[(4, ref('group_approval_user'))]"/>
            <field name="perm_read" eval="0"/>
            <field name="perm_write" eval="0"/>
            <field name="perm_create" eval="0"/>
            <field name="perm_unlink" eval="1"/>
            <field name="domain_force">[('request_status','=','cancel')]</field>
        </record>

        <!-- Multi-company rules -->
        <record model="ir.rule" id="approval_request_rule">
            <field name="name">approval_request multi-company</field>
            <field name="model_id" search="[('model','=','approval.request')]" model="ir.model"/>
            <field name="domain_force">[('company_id', 'in', company_ids)]</field>
        </record>
        <record model="ir.rule" id="approval_category_rule">
            <field name="name">approval_category multi-company</field>
            <field name="model_id" search="[('model','=','approval.category')]" model="ir.model"/>
            <field name="domain_force">[('company_id', 'in', company_ids)]</field>
        </record>
        <record model="ir.rule" id="approval_approver_rule">
            <field name="name">approval_approver multi-company</field>
            <field name="model_id" search="[('model','=','approval.approver')]" model="ir.model"/>
            <field name="domain_force">[('company_id', 'in', company_ids)]</field>
        </record>
        <record model="ir.rule" id="approval_product_line_rule">
            <field name="name">approval_product_line multi-company</field>
            <field name="model_id" search="[('model','=','approval.product.line')]" model="ir.model"/>
            <field name="domain_force">[('company_id', 'in', company_ids)]</field>
        </record>
    </data>
</odoo>
