<?xml version="1.0" encoding="UTF-8"?>
<templates id="template" xml:space="preserve">

<!-- Owl Templates -->

<div t-name="web_enterprise.BurgerMenu" owl="1">
    <a type="button"
        class="o_mobile_menu_toggle dropdown-toggle o-no-caret"
        title="Toggle menu" aria-label="Toggle menu"
        t-on-click="_openBurger">
        <i class="fa fa-bars"/>
    </a>
    <Portal target="'body.o_web_client'">
      <div t-if="state.isBurgerOpened" class="o_burger_menu d-flex flex-column flex-nowrap position-fixed" t-on-touchstart.stop="_onSwipeStart" t-on-touchend.stop="_onSwipeEnd" t-transition="burgerslide">
        <div class="o_burger_menu_topbar d-flex align-items-center justify-content-between"
            t-on-click.stop='_toggleUserMenu'>
            <span class="dropdown-toggle small d-flex align-items-center justify-content-between o-no-caret" t-att-class="{active: isUserMenuUnfolded}">
                <img class="o_burger_menu_avatar o_image_24_cover rounded-circle" t-att-src="'/web/image?model=res.users&amp;field=avatar_128&amp;id=' + user.userId" alt="Menu"/>
                <span class="o_burger_menu_username px-2"><t t-esc="user.name"/></span>
                <i t-if="isUserMenuTogglable" class="fa" t-att-class="state.isUserMenuOpened ? 'fa-caret-down' : 'fa-caret-left'"/>
            </span>
            <span type="button" class="o_burger_menu_close" aria-label="Close menu" title="Close menu" t-on-click.stop="_closeBurger">&#215;</span>
        </div>
        <div class="o_burger_menu_content flex-grow-1 flex-shrink-1 overflow-auto"
            t-att-class="{o_burger_menu_dark: !isUserMenuUnfolded}">
            <div t-if="isUserMenuUnfolded" class="o_burger_menu_user">
                <MobileSwitchCompanyMenu t-if="Object.values(company.availableCompanies).length > 1" />
                <BurgerUserMenu/>
            </div>

            <!-- Current App Sections -->
            <div class="o_burger_menu_app" t-if="!isUserMenuUnfolded">
                <div class="o_menu_sections">
                    <t t-foreach="currentAppSections" t-as="subMenu">
                        <t t-call="web_enterprise.BurgerSection">
                            <t t-set="section" t-value="subMenu" />
                        </t>
                    </t>
                </div>
            </div>
        </div>
      </div>
      <div t-else="" />
    </Portal>
    <Portal target="'body.o_web_client'">
        <div t-if="state.isBurgerOpened" class="o_burger_menu_backdrop" t-on-click.stop="_closeBurger" t-on-touchstart.stop="_onSwipeStart" t-on-touchend.stop="_onSwipeEnd" />
        <div t-else="" />
    </Portal>
</div>

<t t-name="web_enterprise.BurgerSection" owl="1">
    <div t-if="section.childrenTree.length" t-key="section.id" class="dropdown o_burger_menu_section show">
        <button class="dropdown-toggle" t-att-data-menu-xmlid="section.xmlid">
            <span t-esc="section.name"/>
        </button>
        <div class="dropdown-menu d-block">
            <t t-foreach="section.childrenTree" t-as="subSection" >
                <t t-call="web_enterprise.BurgerSection">
                    <t t-set="section" t-value="subSection" />
                </t>
            </t>
        </div>
    </div>
    <MenuItem t-else="" t-key="section.id" t-on-click.stop="_onMenuClicked(section)" payload="{ xmlid: section.xmlid }">
        <span t-esc="section.name" />
    </MenuItem>
</t>

</templates>
