id,name,model_id:id,group_id:id,perm_read,perm_write,perm_create,perm_unlink
access_event_booth_registration_salesman,access.event.booth.registration.salesman,model_event_booth_registration,sales_team.group_sale_salesman,1,1,1,1
access_event_booth_registration_event_desk,access.event.booth.registration.event.desk,model_event_booth_registration,event.group_event_registration_desk,1,0,0,0
access_event_booth_registration_event_user,access.event.booth.registration.event.user,model_event_booth_registration,event.group_event_user,1,1,1,1
access_event_booth_configurator_salesman,access.event.booth.configurator.salesman,model_event_booth_configurator,sales_team.group_sale_salesman,1,1,1,0
