<?xml version="1.0" encoding="utf-8"?>
<odoo>
    <data noupdate="1">
        <record id="website.default_website" model="website">
            <field name="website_slide_google_app_key">AIzaSyDOWlmDW-7DbLmOR9ZsT5AOEXf4n6TFwQA</field>
        </record>

        <record id="website_menu_slides" model="website.menu">
            <field name="name">Courses</field>
            <field name="url">/slides</field>
            <field name="parent_id" ref="website.main_menu"/>
            <field name="sequence" type="int">50</field>
        </record>
    </data>
</odoo>
