<?xml version="1.0" encoding="UTF-8"?>

<templates>
    <t t-name="LeadMiningRequest.generate_leads_button">
        <button type="button" class="btn btn-secondary o_button_generate_leads">
            Generate Leads
        </button>
    </t>

    <t t-extend="ListView.buttons" t-name="LeadMiningRequestListView.buttons">
        <t t-jquery="button.o_list_button_add" t-operation="after">
            <t t-call="LeadMiningRequest.generate_leads_button"/>
        </t>
    </t>

    <t t-extend="KanbanView.buttons" t-name="LeadMiningRequestKanbanView.buttons">
        <t t-jquery="button" t-operation="after">
            <t t-call="LeadMiningRequest.generate_leads_button"/>
        </t>
    </t>
</templates>
