id,name,model_id:id,group_id:id,perm_read,perm_write,perm_create,perm_unlink
access_helpdesk_ticket_type_sale_user,helpdesk.ticket.type salesman,helpdesk.model_helpdesk_ticket_type,sales_team.group_sale_salesman,1,0,0,0
access_helpdesk_team_sale_user,helpdesk.team salesman,helpdesk.model_helpdesk_team,sales_team.group_sale_salesman,1,0,0,0
access_crm_lead_convert2ticket,access.crm.lead.convert2ticket,model_crm_lead_convert2ticket,sales_team.group_sale_salesman,1,1,1,0
access_helpdesk_ticket_to_lead,access.helpdesk.ticket.to.lead,model_helpdesk_ticket_to_lead,helpdesk.group_helpdesk_user,1,1,1,0
