<odoo>
    <data noupdate="1">
        <record id="point_of_sale.desk_organizer" model="product.product">
            <field name="l10n_in_hsn_code">9403</field>
            <field name="l10n_in_hsn_description">Other furniture and parts thereof.</field>
        </record>
        <record id="point_of_sale.desk_pad" model="product.product">
            <field name="l10n_in_hsn_code">9403</field>
            <field name="l10n_in_hsn_description">Other furniture and parts thereof.</field>
        </record>
        <record id="point_of_sale.led_lamp" model="product.product">
            <field name="l10n_in_hsn_code">8539.50.00</field>
            <field name="l10n_in_hsn_description">Light-emitting diode (LED) lamps</field>
        </record>
        <record id="point_of_sale.letter_tray" model="product.product">
            <field name="l10n_in_hsn_code">4819.60.00</field>
            <field name="l10n_in_hsn_description">Box files, letter trays, storage boxes and similar articles, of a kind used in offices, shops or the like</field>
        </record>
        <record id="point_of_sale.magnetic_board" model="product.product">
            <field name="l10n_in_hsn_code">3921.90.99</field>
            <field name="l10n_in_hsn_description">Other plates, sheets film , foil and strip, of plastics</field>
        </record>
        <record id="point_of_sale.product_product_consumable" model="product.product">
            <field name="l10n_in_hsn_code">8443.32.90</field>
            <field name="l10n_in_hsn_description">Other, capable of connecting to an automatic data processing machine or to a network</field>
        </record>
        <record id="point_of_sale.monitor_stand" model="product.product">
            <field name="l10n_in_hsn_code">9403</field>
            <field name="l10n_in_hsn_description">Other furniture and parts thereof.</field>
        </record>
        <record id="point_of_sale.newspaper_rack" model="product.product">
            <field name="l10n_in_hsn_code">9403.10.90</field>
            <field name="l10n_in_hsn_description">Metal furniture of a kind used in offices</field>
        </record>
        <record id="point_of_sale.small_shelf" model="product.product">
            <field name="l10n_in_hsn_code">9403.10.90</field>
            <field name="l10n_in_hsn_description">Metal furniture of a kind used in offices</field>
        </record>
        <record id="point_of_sale.product_product_tip" model="product.product">
            <field name="l10n_in_hsn_code">8209.00.90</field>
            <field name="l10n_in_hsn_description">Plates, sticks, tips and the like for tools, unmounted, of cermets.</field>
        </record>
        <record id="point_of_sale.wall_shelf" model="product.product">
            <field name="l10n_in_hsn_code">9403.10.90</field>
            <field name="l10n_in_hsn_description">Metal furniture of a kind used in offices</field>
        </record>
        <record id="point_of_sale.whiteboard" model="product.product">
            <field name="l10n_in_hsn_code">3926.10.99</field>
            <field name="l10n_in_hsn_description">Office supplies of a kind classified as stationary other than pins,clips, and writing instruments</field>
        </record>
        <record id="point_of_sale.whiteboard_pen" model="product.product">
            <field name="l10n_in_hsn_code">9608</field>
            <field name="l10n_in_hsn_description">Ball point pens; felt tipped and other porous-tipped pens and markers; fountain pens, stylograph pens and other pens; duplicating stylos; propelling or sliding pencils; pen-holders, pencilholders and similar holders; parts (including caps and clips) of the foregoing articles, othe than those of heading 9609
            </field>
        </record>
    </data>
</odoo>
