id,name,model_id:id,group_id:id,perm_read,perm_write,perm_create,perm_unlink
access_iot_box_user,iot.box,iot.model_iot_box,base.group_user,1,0,0,0
access_iot_device_user,iot.device,iot.model_iot_device,base.group_user,1,0,0,0
access_iot_box_admin,iot.box,iot.model_iot_box,base.group_system,1,1,0,1
access_iot_device_admin,iot.device,iot.model_iot_device,base.group_system,1,1,0,1
access_iot_keyboard_layout,iot.keyboard.layout,iot.model_iot_keyboard_layout,base.group_system,1,1,0,1
access_add_iot_box,access.add.iot.box,model_add_iot_box,base.group_system,1,1,1,0
