<?xml version="1.0" encoding="utf-8"?>
<odoo><data noupdate="0">

    <!-- User input 1 -->
    <record id="survey_answer_1_p1_q1" model="survey.user_input.line">
        <field name="user_input_id" ref="survey_answer_1"/>
        <field name="question_id" ref="survey_feedback_p1_q1"/>
        <field name="answer_type">char_box</field>
        <field name="value_char_box">Brussels</field>
    </record>
    <record id="survey_answer_1_p1_q2" model="survey.user_input.line">
        <field name="user_input_id" ref="survey_answer_1"/>
        <field name="question_id" ref="survey_feedback_p1_q2"/>
        <field name="answer_type">date</field>
        <field name="value_date">1980-01-11</field>
    </record>
    <record id="survey_answer_1_p1_q3" model="survey.user_input.line">
        <field name="user_input_id" ref="survey_answer_1"/>
        <field name="question_id" ref="survey_feedback_p1_q3"/>
        <field name="answer_type">suggestion</field>
        <field name="suggested_answer_id" ref="survey_feedback_p1_q3_sug3"/>
    </record>
    <record id="survey_answer_1_p1_q4" model="survey.user_input.line">
        <field name="user_input_id" ref="survey_answer_1"/>
        <field name="question_id" ref="survey_feedback_p1_q4"/>
        <field name="answer_type">numerical_box</field>
        <field name="value_numerical_box">4</field>
    </record>
    <record id="survey_answer_1_p2_q1_1" model="survey.user_input.line">
        <field name="user_input_id" ref="survey_answer_1"/>
        <field name="question_id" ref="survey_feedback_p2_q1"/>
        <field name="answer_type">suggestion</field>
        <field name="suggested_answer_id" ref="survey_feedback_p2_q1_sug1"/>
    </record>
    <record id="survey_answer_1_p2_q1_2" model="survey.user_input.line">
        <field name="user_input_id" ref="survey_answer_1"/>
        <field name="question_id" ref="survey_feedback_p2_q1"/>
        <field name="answer_type">suggestion</field>
        <field name="suggested_answer_id" ref="survey_feedback_p2_q1_sug2"/>
    </record>
    <record id="survey_answer_1_p2_q2_1" model="survey.user_input.line">
        <field name="user_input_id" ref="survey_answer_1"/>
        <field name="question_id" ref="survey_feedback_p2_q2"/>
        <field name="answer_type">suggestion</field>
        <field name="suggested_answer_id" ref="survey_feedback_p2_q2_col3"/>
        <field name="matrix_row_id" ref="survey_feedback_p2_q2_row1"/>
    </record>
    <record id="survey_answer_1_p2_q2_2" model="survey.user_input.line">
        <field name="user_input_id" ref="survey_answer_1"/>
        <field name="question_id" ref="survey_feedback_p2_q2"/>
        <field name="answer_type">suggestion</field>
        <field name="suggested_answer_id" ref="survey_feedback_p2_q2_col3"/>
        <field name="matrix_row_id" ref="survey_feedback_p2_q2_row2"/>
    </record>
    <record id="survey_answer_1_p2_q2_3" model="survey.user_input.line">
        <field name="user_input_id" ref="survey_answer_1"/>
        <field name="question_id" ref="survey_feedback_p2_q2"/>
        <field name="answer_type">suggestion</field>
        <field name="suggested_answer_id" ref="survey_feedback_p2_q2_col2"/>
        <field name="matrix_row_id" ref="survey_feedback_p2_q2_row3"/>
    </record>
    <record id="survey_answer_1_p2_q2_4" model="survey.user_input.line">
        <field name="user_input_id" ref="survey_answer_1"/>
        <field name="question_id" ref="survey_feedback_p2_q2"/>
        <field name="answer_type">suggestion</field>
        <field name="suggested_answer_id" ref="survey_feedback_p2_q2_col4"/>
        <field name="matrix_row_id" ref="survey_feedback_p2_q2_row4"/>
    </record>
    <record id="survey_answer_1_p2_q2_5" model="survey.user_input.line">
        <field name="user_input_id" ref="survey_answer_1"/>
        <field name="question_id" ref="survey_feedback_p2_q2"/>
        <field name="answer_type">suggestion</field>
        <field name="suggested_answer_id" ref="survey_feedback_p2_q2_col2"/>
        <field name="matrix_row_id" ref="survey_feedback_p2_q2_row5"/>
    </record>
    <record id="survey_answer_1_p2_q3" model="survey.user_input.line">
        <field name="user_input_id" ref="survey_answer_1"/>
        <field name="question_id" ref="survey_feedback_p2_q3"/>
        <field name="answer_type">text_box</field>
        <field name="value_text_box">Thanks for the good quality of your products</field>
    </record>

    <!-- User input 2 -->
    <record id="survey_answer_2_p1_q1" model="survey.user_input.line">
        <field name="user_input_id" ref="survey_answer_2"/>
        <field name="question_id" ref="survey_feedback_p1_q1"/>
        <field name="answer_type">char_box</field>
        <field name="value_char_box">Paris</field>
    </record>
    <record id="survey_answer_2_p1_q2" model="survey.user_input.line">
        <field name="user_input_id" ref="survey_answer_2"/>
        <field name="question_id" ref="survey_feedback_p1_q2"/>
        <field name="skipped" eval="True"/>
    </record>
    <record id="survey_answer_2_p1_q3" model="survey.user_input.line">
        <field name="user_input_id" ref="survey_answer_2"/>
        <field name="question_id" ref="survey_feedback_p1_q3"/>
        <field name="answer_type">suggestion</field>
        <field name="suggested_answer_id" ref="survey_feedback_p1_q3_sug2"/>
    </record>
    <record id="survey_answer_2_p1_q4" model="survey.user_input.line">
        <field name="user_input_id" ref="survey_answer_2"/>
        <field name="question_id" ref="survey_feedback_p1_q4"/>
        <field name="answer_type">numerical_box</field>
        <field name="value_numerical_box">10</field>
    </record>
    <record id="survey_answer_2_p2_q1_1" model="survey.user_input.line">
        <field name="user_input_id" ref="survey_answer_2"/>
        <field name="question_id" ref="survey_feedback_p2_q1"/>
        <field name="answer_type">suggestion</field>
        <field name="suggested_answer_id" ref="survey_feedback_p2_q1_sug2"/>
    </record>
    <record id="survey_answer_2_p2_q1_2" model="survey.user_input.line">
        <field name="user_input_id" ref="survey_answer_2"/>
        <field name="question_id" ref="survey_feedback_p2_q1"/>
        <field name="answer_type">suggestion</field>
        <field name="suggested_answer_id" ref="survey_feedback_p2_q1_sug3"/>
    </record>
    <record id="survey_answer_2_p2_q1_3" model="survey.user_input.line">
        <field name="user_input_id" ref="survey_answer_2"/>
        <field name="question_id" ref="survey_feedback_p2_q1"/>
        <field name="answer_type">suggestion</field>
        <field name="suggested_answer_id" ref="survey_feedback_p2_q1_sug4"/>
    </record>
    <record id="survey_answer_2_p2_q2_1" model="survey.user_input.line">
        <field name="user_input_id" ref="survey_answer_2"/>
        <field name="question_id" ref="survey_feedback_p2_q2"/>
        <field name="answer_type">suggestion</field>
        <field name="suggested_answer_id" ref="survey_feedback_p2_q2_col4"/>
        <field name="matrix_row_id" ref="survey_feedback_p2_q2_row1"/>
    </record>
    <record id="survey_answer_2_p2_q2_2" model="survey.user_input.line">
        <field name="user_input_id" ref="survey_answer_2"/>
        <field name="question_id" ref="survey_feedback_p2_q2"/>
        <field name="answer_type">suggestion</field>
        <field name="suggested_answer_id" ref="survey_feedback_p2_q2_col3"/>
        <field name="matrix_row_id" ref="survey_feedback_p2_q2_row2"/>
    </record>
    <record id="survey_answer_2_p2_q2_3" model="survey.user_input.line">
        <field name="user_input_id" ref="survey_answer_2"/>
        <field name="question_id" ref="survey_feedback_p2_q2"/>
        <field name="answer_type">suggestion</field>
        <field name="suggested_answer_id" ref="survey_feedback_p2_q2_col3"/>
        <field name="matrix_row_id" ref="survey_feedback_p2_q2_row3"/>
    </record>
    <record id="survey_answer_2_p2_q2_4" model="survey.user_input.line">
        <field name="user_input_id" ref="survey_answer_2"/>
        <field name="question_id" ref="survey_feedback_p2_q2"/>
        <field name="answer_type">suggestion</field>
        <field name="suggested_answer_id" ref="survey_feedback_p2_q2_col4"/>
        <field name="matrix_row_id" ref="survey_feedback_p2_q2_row4"/>
    </record>
    <record id="survey_answer_2_p2_q2_5" model="survey.user_input.line">
        <field name="user_input_id" ref="survey_answer_2"/>
        <field name="question_id" ref="survey_feedback_p2_q2"/>
        <field name="answer_type">suggestion</field>
        <field name="suggested_answer_id" ref="survey_feedback_p2_q2_col3"/>
        <field name="matrix_row_id" ref="survey_feedback_p2_q2_row5"/>
    </record>
    <record id="survey_answer_2_p2_q3" model="survey.user_input.line">
        <field name="user_input_id" ref="survey_answer_2"/>
        <field name="question_id" ref="survey_feedback_p2_q3"/>
        <field name="answer_type">text_box</field>
        <field name="value_text_box">I really appreciate your products. They are awesome !!</field>
    </record>

    <!-- User input 3 -->
    <record id="survey_answer_3_p1_q1" model="survey.user_input.line">
        <field name="user_input_id" ref="survey_answer_3"/>
        <field name="question_id" ref="survey_feedback_p1_q1"/>
        <field name="answer_type">char_box</field>
        <field name="value_char_box">New York</field>
    </record>
    <record id="survey_answer_3_p1_q2" model="survey.user_input.line">
        <field name="user_input_id" ref="survey_answer_3"/>
        <field name="question_id" ref="survey_feedback_p1_q2"/>
        <field name="answer_type">date</field>
        <field name="value_date">1966-06-15</field>
    </record>
    <record id="survey_answer_3_p1_q3" model="survey.user_input.line">
        <field name="user_input_id" ref="survey_answer_3"/>
        <field name="question_id" ref="survey_feedback_p1_q3"/>
        <field name="answer_type">suggestion</field>
        <field name="suggested_answer_id" ref="survey_feedback_p1_q3_sug4"/>
    </record>
    <record id="survey_answer_3_p1_q4" model="survey.user_input.line">
        <field name="user_input_id" ref="survey_answer_3"/>
        <field name="question_id" ref="survey_feedback_p1_q4"/>
        <field name="answer_type">numerical_box</field>
        <field name="value_numerical_box">1</field>
    </record>
    <record id="survey_answer_3_p2_q1_1" model="survey.user_input.line">
        <field name="user_input_id" ref="survey_answer_3"/>
        <field name="question_id" ref="survey_feedback_p2_q1"/>
        <field name="answer_type">suggestion</field>
        <field name="suggested_answer_id" ref="survey_feedback_p2_q1_sug7"/>
    </record>
    <record id="survey_answer_3_p2_q1_2" model="survey.user_input.line">
        <field name="user_input_id" ref="survey_answer_3"/>
        <field name="question_id" ref="survey_feedback_p2_q1"/>
        <field name="answer_type">suggestion</field>
        <field name="suggested_answer_id" ref="survey_feedback_p2_q1_sug8"/>
    </record>
    <record id="survey_answer_3_p2_q2_1" model="survey.user_input.line">
        <field name="user_input_id" ref="survey_answer_3"/>
        <field name="question_id" ref="survey_feedback_p2_q2"/>
        <field name="answer_type">suggestion</field>
        <field name="suggested_answer_id" ref="survey_feedback_p2_q2_col1"/>
        <field name="matrix_row_id" ref="survey_feedback_p2_q2_row1"/>
    </record>
    <record id="survey_answer_3_p2_q2_2" model="survey.user_input.line">
        <field name="user_input_id" ref="survey_answer_3"/>
        <field name="question_id" ref="survey_feedback_p2_q2"/>
        <field name="answer_type">suggestion</field>
        <field name="suggested_answer_id" ref="survey_feedback_p2_q2_col2"/>
        <field name="matrix_row_id" ref="survey_feedback_p2_q2_row2"/>
    </record>
    <record id="survey_answer_3_p2_q2_3" model="survey.user_input.line">
        <field name="user_input_id" ref="survey_answer_3"/>
        <field name="question_id" ref="survey_feedback_p2_q2"/>
        <field name="answer_type">suggestion</field>
        <field name="suggested_answer_id" ref="survey_feedback_p2_q2_col1"/>
        <field name="matrix_row_id" ref="survey_feedback_p2_q2_row3"/>
    </record>
    <record id="survey_answer_3_p2_q2_4" model="survey.user_input.line">
        <field name="user_input_id" ref="survey_answer_3"/>
        <field name="question_id" ref="survey_feedback_p2_q2"/>
        <field name="answer_type">suggestion</field>
        <field name="suggested_answer_id" ref="survey_feedback_p2_q2_col3"/>
        <field name="matrix_row_id" ref="survey_feedback_p2_q2_row4"/>
    </record>
    <record id="survey_answer_3_p2_q2_5" model="survey.user_input.line">
        <field name="user_input_id" ref="survey_answer_3"/>
        <field name="question_id" ref="survey_feedback_p2_q2"/>
        <field name="answer_type">suggestion</field>
        <field name="suggested_answer_id" ref="survey_feedback_p2_q2_col1"/>
        <field name="matrix_row_id" ref="survey_feedback_p2_q2_row5"/>
    </record>
    <record id="survey_answer_3_p2_q3" model="survey.user_input.line">
        <field name="user_input_id" ref="survey_answer_3"/>
        <field name="question_id" ref="survey_feedback_p2_q3"/>
        <field name="answer_type">text_box</field>
        <field name="value_text_box">The customizable desk received is not the one I ordered on your website and the quality is very poor ! Really disappointed.</field>
    </record>

</data></odoo>
