<?xml version="1.0" encoding="utf-8"?>
<odoo>
    <data>
        <record id="web_editor.13_0_color_system_support_primary_variables_scss" model="ir.asset">
            <field name="name">13 0 color system support primary variables SCSS</field>
            <field name="bundle">web._assets_primary_variables</field>
            <field name="path">web_editor/static/src/scss/13_0_color_system_support_primary_variables.scss</field>
            <field name="active" eval="False"/>
        </record>
    </data>
</odoo>
