"id","name","code","iso_code","direction","grouping","decimal_point","thousands_sep","date_format","time_format","week_start"
"base.lang_en","English (US)","en_US","en","Left-to-Right","[3,0]",".",",","%m/%d/%Y","%H:%M:%S","7"
"base.lang_am_ET","Amharic / አምሃርኛ","am_ET","am_ET","Left-to-Right","[3,0]",".",",","%d/%m/%Y","%I:%M:%S","7"
"base.lang_ar","Arabic / الْعَرَبيّة","ar_001","ar","Right-to-Left","[3,0]",".",",","%d %b, %Y","%I:%M:%S","6"
"base.lang_ar_SY","Arabic (Syria) / الْعَرَبيّة","ar_SY","ar_SY","Right-to-Left","[3,0]",".",",","%d %b, %Y","%I:%M:%S","6"
"base.lang_eu_ES","Basque / Euskara","eu_ES","eu_ES","Left-to-Right","[]",",",,"%a, %Y.eko %bren %da","%H:%M:%S","1"
"base.lang_bn_IN","Bengali / বাংলা","bn_IN","bn_IN","Left-to-Right","[]",",",,"%A %d %b %Y","%I:%M:%S","1"
"base.lang_bs_BA","Bosnian / bosanski jezik","bs_BA","bs","Left-to-Right","[]",",",,"%d.%m.%Y","%H:%M:%S","7"
"base.lang_bg","Bulgarian / български език","bg_BG","bg","Left-to-Right","[3,0]",",",,"%d.%m.%Y","%H,%M,%S","1"
"base.lang_ca_ES","Catalan / Català","ca_ES","ca_ES","Left-to-Right","[3,0]",",",".","%d/%m/%Y","%H:%M:%S","1"
"base.lang_zh_CN","Chinese (Simplified) / 简体中文","zh_CN","zh_CN","Left-to-Right","[3,0]",".",",","%Y年%m月%d日","%H时%M分%S秒","7"
"base.lang_zh_HK","Chinese (HK)","zh_HK","zh_HK","Left-to-Right","[3,0]",".",",","%Y年%m月%d日 %A","%I時%M分%S秒","7"
"base.lang_zh_TW","Chinese (Traditional) / 繁體中文","zh_TW","zh_TW","Left-to-Right","[3,0]",".",",","%Y年%m月%d日","%H時%M分%S秒","7"
"base.lang_hr","Croatian / hrvatski jezik","hr_HR","hr","Left-to-Right","[3,0]",",",".","%d.%m.%Y","%H:%M:%S","1"
"base.lang_cs_CZ","Czech / Čeština","cs_CZ","cs_CZ","Left-to-Right","[3,0]",","," ","%d.%m.%Y","%H:%M:%S","1"
"base.lang_da_DK","Danish / Dansk","da_DK","da_DK","Left-to-Right","[3,0]",",",".","%d-%m-%Y","%H:%M:%S","1"
"base.lang_nl_BE","Dutch (BE) / Nederlands (BE)","nl_BE","nl_BE","Left-to-Right","[3,0]",",",".","%d-%m-%Y","%H:%M:%S","1"
"base.lang_nl","Dutch / Nederlands","nl_NL","nl","Left-to-Right","[3,0]",",",".","%d-%m-%Y","%H:%M:%S","1"
"base.lang_en_AU","English (AU)","en_AU","en_AU","Left-to-Right","[3,0]",".",",","%d/%m/%Y","%H:%M:%S","7"
"base.lang_en_CA","English (CA)","en_CA","en_CA","Left-to-Right","[3,0]",".",",","%Y-%m-%d","%H:%M:%S","7"
"base.lang_en_GB","English (UK)","en_GB","en_GB","Left-to-Right","[3,0]",".",",","%d/%m/%Y","%H:%M:%S","1"
"base.lang_en_IN","English (IN)","en_IN","en_IN","Left-to-Right","[3,2,0]",".",",","%d/%m/%Y","%H:%M:%S","7"
"base.lang_et_EE","Estonian / Eesti keel","et_EE","et","Left-to-Right","[3,0]",","," ","%d.%m.%Y","%H:%M:%S","1"
"base.lang_fi","Finnish / Suomi","fi_FI","fi","Left-to-Right","[3,0]",","," ","%d.%m.%Y","%H.%M.%S","1"
"base.lang_fr_BE","French (BE) / Français (BE)","fr_BE","fr_BE","Left-to-Right","[3,0]",",",".","%d/%m/%Y","%H:%M:%S","1"
"base.lang_fr_CA","French (CA) / Français (CA)","fr_CA","fr_CA","Left-to-Right","[3,0]",","," ","%Y-%m-%d","%H:%M:%S","7"
"base.lang_fr_CH","French (CH) / Français (CH)","fr_CH","fr_CH","Left-to-Right","[3,0]",".","'","%d. %m. %Y","%H:%M:%S","1"
"base.lang_fr","French / Français","fr_FR","fr","Left-to-Right","[3,0]",","," ","%d/%m/%Y","%H:%M:%S","1"
"base.lang_gl_ES","Galician / Galego","gl_ES","gl","Left-to-Right","[]",",",,"%d/%m/%Y","%H:%M:%S","1"
"base.lang_ka_GE","Georgian / ქართული ენა","ka_GE","ka","Left-to-Right","[3,0]",",",".","%m/%d/%Y","%H:%M:%S","1"
"base.lang_de","German / Deutsch","de_DE","de","Left-to-Right","[3,0]",",",".","%d.%m.%Y","%H:%M:%S","1"
base.lang_de_CH,"German (CH) / Deutsch (CH)",de_CH,de_CH,"Left-to-Right","[3,3]",".","'","%d.%m.%Y","%H:%M:%S","1"
"base.lang_el_GR","Greek / Ελληνικά","el_GR","el_GR","Left-to-Right","[]",",",".","%d/%m/%Y","%I:%M:%S %p","1"
"base.lang_gu_IN","Gujarati / ગુજરાતી","gu_IN","gu","Left-to-Right","[]",".",",","%A %d %b %Y","%I:%M:%S","7"
"base.lang_he_IL","Hebrew / עִבְרִי","he_IL","he","Right-to-Left","[3,0]",".",",","%d/%m/%Y","%H:%M:%S","7"
"base.lang_hi_IN","Hindi / हिंदी","hi_IN","hi","Left-to-Right","[]",".",",","%A %d %b %Y","%I:%M:%S","7"
"base.lang_hu","Hungarian / Magyar","hu_HU","hu","Left-to-Right","[3,0]",",",".","%Y-%m-%d","%H:%M:%S","1"
"base.lang_id","Indonesian / Bahasa Indonesia","id_ID","id","Left-to-Right","[3,0]",",",".","%d/%m/%Y","%H:%M:%S","7"
"base.lang_it","Italian / Italiano","it_IT","it","Left-to-Right","[3,0]",",",".","%d/%m/%Y","%H:%M:%S","1"
"base.lang_ja_JP","Japanese / 日本語","ja_JP","ja","Left-to-Right","[3,0]",".",",","%Y年%m月%d日","%H時%M分%S秒","7"
"base.lang_kab_DZ","Kabyle / Taqbaylit","kab_DZ","kab","Left-to-Right","[]",".",",","%m/%d/%Y","%I:%M:%S %p","6"
"base.lang_km","Khmer / ភាសាខ្មែរ","km_KH","km","Left-to-Right","[3,0]",".",",","%d %B %Y","%H:%M:%S","7"
"base.lang_ko_KP","Korean (KP) / 한국어 (KP)","ko_KP","ko_KP","Left-to-Right","[3,0]",".",",","%m/%d/%Y","%I:%M:%S %p","1"
"base.lang_ko_KR","Korean (KR) / 한국어 (KR)","ko_KR","ko_KR","Left-to-Right","[3,0]",".",",","%Y년 %m월 %d일","%H시 %M분 %S초","7"
"base.lang_lo_LA","Lao / ພາສາລາວ","lo_LA","lo","Left-to-Right","[3,0]",".",",","%d/%m/y","%H:%M:%S","7"
"base.lang_lv","Latvian / latviešu valoda","lv_LV","lv","Left-to-Right","[3,0]",","," ","%Y.%m.%d.","%H:%M:%S","1"
"base.lang_lt","Lithuanian / Lietuvių kalba","lt_LT","lt","Left-to-Right","[3,0]",",",".","%Y-%m-%d","%H:%M:%S","1"
"base.lang_lb","Luxembourgish","lb_LU","lb","Left-to-Right","[3,0]",","," ","%d/%m/%Y","%H:%M:%S","1"
"base.lang_mk","Macedonian / македонски јазик","mk_MK","mk","Left-to-Right","[3,0]",","," ","%d.%m.%Y","%H:%M:%S","1"
"base.lang_mn","Mongolian / монгол","mn_MN","mn","Left-to-Right","[3,0]",".","'","%Y-%m-%d","%H:%M:%S","7"
"base.lang_ms","Malay / Bahasa Melayu","ms_MY","ms","Left-to-Right","[3,0]",".",",","%d/%m/%Y","%H:%M:%S","1"
base.lang_my,"Burmese / ဗမာစာ",my_MM,my,"Left-to-Right","[3,3]",".",",","%Y %b %d %A","%I:%M:%S %p","7"
"base.lang_nb_NO","Norwegian Bokmål / Norsk bokmål","nb_NO","nb_NO","Left-to-Right","[3,0]",","," ","%d. %b %Y","%H:%M:%S","1"
"base.lang_fa_IR","Persian / فارسی","fa_IR","fa","Right-to-Left","[3,0]",".",",","%Y/%m/%d","%H:%M:%S","6"
"base.lang_pl","Polish / Język polski","pl_PL","pl","Left-to-Right","[]",",",,"%d.%m.%Y","%H:%M:%S","1"
"base.lang_pt_AO","Portuguese (AO) / Português (AO)","pt_AO","pt_AO","Left-to-Right","[]",",",,"%d-%m-%Y","%H:%M:%S","1"
"base.lang_pt_BR","Portuguese (BR) / Português (BR)","pt_BR","pt_BR","Left-to-Right","[3,0]",",",".","%d/%m/%Y","%H:%M:%S","7"
"base.lang_pt","Portuguese / Português","pt_PT","pt","Left-to-Right","[]",",",,"%d-%m-%Y","%H:%M:%S","1"
"base.lang_ro","Romanian / română","ro_RO","ro","Left-to-Right","[3,0]",",",".","%d.%m.%Y","%H:%M:%S","1"
"base.lang_ru","Russian / русский язык","ru_RU","ru","Left-to-Right","[3,0]",","," ","%d.%m.%Y","%H:%M:%S","1"
"base.lang_sr_RS","Serbian (Cyrillic) / српски","sr_RS","sr_RS","Left-to-Right","[]",",",,"%d.%m.%Y.","%H:%M:%S","7"
"base.lang_sr@latin","Serbian (Latin) / srpski","sr@latin","sr@latin","Left-to-Right","[]",".",",","%m/%d/%Y","%I:%M:%S %p","7"
"base.lang_sk","Slovak / Slovenský jazyk","sk_SK","sk","Left-to-Right","[3,0]",","," ","%d.%m.%Y","%H:%M:%S","1"
"base.lang_sl_SI","Slovenian / slovenščina","sl_SI","sl","Left-to-Right","[]",","," ","%d. %m. %Y","%H:%M:%S","1"
"base.lang_es_AR","Spanish (AR) / Español (AR)","es_AR","es_AR","Left-to-Right","[3,0]",",",".","%d/%m/%Y","%H:%M:%S","7"
"base.lang_es_BO","Spanish (BO) / Español (BO)","es_BO","es_BO","Left-to-Right","[3,0]",",",".","%d/%m/%Y","%H:%M:%S","1"
"base.lang_es_CL","Spanish (CL) / Español (CL)","es_CL","es_CL","Left-to-Right","[3,0]",",",".","%d/%m/%Y","%H:%M:%S","1"
"base.lang_es_CO","Spanish (CO) / Español (CO)","es_CO","es_CO","Left-to-Right","[3,0]",",",".","%d-%m-%Y","%H:%M:%S","7"
"base.lang_es_CR","Spanish (CR) / Español (CR)","es_CR","es_CR","Left-to-Right","[3,0]",".",",","%d/%m/%Y","%H:%M:%S","1"
"base.lang_es_DO","Spanish (DO) / Español (DO)","es_DO","es_DO","Left-to-Right","[3,0]",".",",","%d/%m/%Y","%I:%M:%S %p","1"
"base.lang_es_EC","Spanish (EC) / Español (EC)","es_EC","es_EC","Left-to-Right","[3,0]",",",".","%d/%m/%Y","%H:%M:%S","1"
"base.lang_es_GT","Spanish (GT) / Español (GT)","es_GT","es_GT","Left-to-Right","[3,0]",".",",","%d/%m/%Y","%H:%M:%S","7"
"base.lang_es_MX","Spanish (MX) / Español (MX)","es_MX","es_MX","Left-to-Right","[3,0]",".",",","%d/%m/%Y","%H:%M:%S","7"
"base.lang_es_PA","Spanish (PA) / Español (PA)","es_PA","es_PA","Left-to-Right","[3,0]",".",",","%d/%m/%Y","%H:%M:%S","7"
"base.lang_es_PE","Spanish (PE) / Español (PE)","es_PE","es_PE","Left-to-Right","[3,0]",".",",","%d/%m/%Y","%H:%M:%S","7"
"base.lang_es_PY","Spanish (PY) / Español (PY)","es_PY","es_PY","Left-to-Right","[3,0]",",",".","%d/%m/%Y","%H:%M:%S","7"
"base.lang_es_UY","Spanish (UY) / Español (UY)","es_UY","es_UY","Left-to-Right","[3,0]",",",".","%d/%m/%Y","%H:%M:%S","1"
"base.lang_es_VE","Spanish (VE) / Español (VE)","es_VE","es_VE","Left-to-Right","[3,0]",",",".","%d/%m/%Y","%H:%M:%S","7"
"base.lang_es","Spanish / Español","es_ES","es","Left-to-Right","[3,0]",",",".","%d/%m/%Y","%H:%M:%S","1"
"base.lang_sv_SE","Swedish / Svenska","sv_SE","sv","Left-to-Right","[3,0]",","," ","%Y-%m-%d","%H:%M:%S","1"
"base.lang_th","Thai / ภาษาไทย","th_TH","th","Left-to-Right","[3,0]",".",",","%d/%m/%Y","%H:%M:%S","7"
"base.lang_tl","Tagalog / Filipino","tl_PH","tl","Left-to-Right","[3,0]",".",",","%m/%d/%y","%H:%M:%S","1"
"base.lang_tr","Turkish / Türkçe","tr_TR","tr","Left-to-Right","[3,0]",",",".","%d-%m-%Y","%H:%M:%S","1"
"base.lang_uk_UA","Ukrainian / українська","uk_UA","uk","Left-to-Right","[3,0]",","," ","%d.%m.%Y","%H:%M:%S","1"
"base.lang_vi_VN","Vietnamese / Tiếng Việt","vi_VN","vi","Left-to-Right","[3,0]",",",".","%d/%m/%Y","%H:%M:%S","1"
"base.lang_sq_AL","Albanian / Shqip","sq_AL","sq","Left-to-Right","[3,0]",",",".","%Y-%b-%d","%I.%M.%S.","1"
"base.lang_te_IN","Telugu / తెలుగు","te_IN","te","Left-to-Right","[]",".",",","%B %d %A %Y","%p%I.%M.%S","7"
