<?xml version="1.0" encoding="utf-8"?>
<odoo noupdate="1">

    <!-- Supported Amazon marketplaces -->
    <record id="sale_amazon.marketplace_CA" model="amazon.marketplace">
        <field name="seller_central_url">https://sellercentral.amazon.ca</field>
        <field name="region">us-east-1</field>
    </record>
    <record id="sale_amazon.marketplace_MX" model="amazon.marketplace">
        <field name="seller_central_url">https://sellercentral.amazon.com.mx</field>
        <field name="region">us-east-1</field>
    </record>
    <record id="sale_amazon.marketplace_US" model="amazon.marketplace">
        <field name="seller_central_url">https://sellercentral.amazon.com</field>
        <field name="region">us-east-1</field>
    </record>
    <record id="sale_amazon.marketplace_DE" model="amazon.marketplace">
        <field name="seller_central_url">https://sellercentral-europe.amazon.com</field>
        <field name="region">eu-west-1</field>
    </record>
    <record id="sale_amazon.marketplace_ES" model="amazon.marketplace">
        <field name="seller_central_url">https://sellercentral-europe.amazon.com</field>
        <field name="region">eu-west-1</field>
    </record>
    <record id="sale_amazon.marketplace_FR" model="amazon.marketplace">
        <field name="seller_central_url">https://sellercentral-europe.amazon.com</field>
        <field name="region">eu-west-1</field>
    </record>
    <record id="sale_amazon.marketplace_IT" model="amazon.marketplace">
        <field name="seller_central_url">https://sellercentral-europe.amazon.com</field>
        <field name="region">eu-west-1</field>
    </record>
    <record id="sale_amazon.marketplace_NL" model="amazon.marketplace">
        <field name="seller_central_url">https://sellercentral.amazon.nl</field>
        <field name="region">eu-west-1</field>
    </record>
    <record id="sale_amazon.marketplace_UK" model="amazon.marketplace">
        <field name="seller_central_url">https://sellercentral-europe.amazon.com</field>
        <field name="region">eu-west-1</field>
    </record>

    <function model="amazon.marketplace" name="_set_region_and_seller_central_url"/>
    
</odoo>
