<?xml version="1.0" encoding="UTF-8"?>
<templates xml:space="preserve">

    <t t-name="stock_barcode_views_widget">
        <div>
            <div class="o_barcode_generic_view"></div>
            <div class="fixed-bottom">
                <div t-if="widget.mode == 'edit' &amp;&amp; widget.view_type === 'form'" class="o_barcode_control d-flex">
                    <button class="btn btn-secondary o_discard">Discard</button>
                    <button class="btn btn-primary o_save">Confirm</button>
                </div>
            </div>
        </div>
    </t>

</templates>