<?xml version="1.0" encoding="utf-8"?>
<odoo>
    <data>
        <record model="crm.tag" id="tag_portal_lead_partner_unavailable">
            <field name="name">No more partner available</field>
            <field name="color">3</field>
        </record>
        <record model="crm.tag" id="tag_portal_lead_is_spam">
            <field name="name">Spam</field>
            <field name="color">3</field>
        </record>
        <record model="crm.tag" id="tag_portal_lead_own_opp">
            <field name="name">Created by Partner</field>
            <field name="color">4</field>
        </record>
    </data>
</odoo>
