<?xml version="1.0" encoding="utf-8"?>
<odoo>
    <data>

        <!-- Roles -->
        <record id="planning_role_technician" model="planning.role">
            <field name="name">IT Technician</field>
            <field name="color">9</field>
        </record>

        <record id="hr.employee_jog" model="hr.employee">
            <field name="planning_role_ids" eval="[(4, ref('planning_role_technician'))]"/>
        </record>
        <record id="hr.employee_chs" model="hr.employee">
            <field name="default_planning_role_id" ref="planning_role_technician"/>
            <field name="planning_role_ids" eval="[(4, ref('planning_role_technician'))]"/>
        </record>

        <record id="technical_maintainance_product" model="product.product">
            <field name="name">IT Technical Maintenance (Plan services)</field>
            <field name="categ_id" ref="product.product_category_3"/>
            <field name="standard_price">14</field>
            <field name="list_price">20</field>
            <field name="detailed_type">service</field>
            <field name="planning_enabled" eval="True"/>
            <field name="planning_role_id" ref="planning_role_technician"/>
            <field name="uom_id" ref="uom.product_uom_hour"/>
            <field name="uom_po_id" ref="uom.product_uom_hour"/>
            <field name="description">Take a rest. We'll do our best.</field>
        </record>

        <record id="developer_product" model="product.product">
            <field name="name">Developer (Plan services)</field>
            <field name="categ_id" ref="product.product_category_3"/>
            <field name="standard_price">150</field>
            <field name="list_price">200</field>
            <field name="detailed_type">service</field>
            <field name="planning_enabled" eval="True"/>
            <field name="planning_role_id" ref="planning.planning_role_developer"/>
            <field name="uom_id" ref="uom.product_uom_hour"/>
            <field name="uom_po_id" ref="uom.product_uom_hour"/>
            <field name="description">Our developer will help you to add new features to your Software.</field>
        </record>

        <!-- Planning house keeper -->
        <!-- WEEK 1 -->
        <!-- Monday -->
        <record id="sale_planning_slot_11" model="planning.slot">
            <field name="start_datetime" eval="(datetime.today() - timedelta(days=datetime.today().weekday())).strftime('%Y-%m-%d 06:00:00')"/>
            <field name="end_datetime" eval="(datetime.today() - timedelta(days=datetime.today().weekday())).strftime('%Y-%m-%d  10:00:00')"/>
            <field name="resource_id" model="resource.resource" eval="obj().env.ref('hr.employee_jog').resource_id.id"/>
            <field name="allocated_hours" eval="4.0"/>
            <field name="role_id" ref="planning_role_technician"/>
            <field name="publication_warning" eval="False"/>
            <field name="state">draft</field>
        </record>
        <record id="sale_planning_slot_12" model="planning.slot">
            <field name="start_datetime" eval="(datetime.today() - timedelta(days=datetime.today().weekday())).strftime('%Y-%m-%d 06:00:00')"/>
            <field name="end_datetime" eval="(datetime.today() - timedelta(days=datetime.today().weekday())).strftime('%Y-%m-%d  10:00:00')"/>
            <field name="resource_id" model="resource.resource" eval="obj().env.ref('hr.employee_chs').resource_id.id"/>
            <field name="allocated_hours" eval="4.0"/>
            <field name="role_id" ref="planning_role_technician"/>
            <field name="publication_warning" eval="False"/>
            <field name="state">draft</field>
        </record>
        <record id="sale_planning_slot_13" model="planning.slot">
            <field name="start_datetime" eval="(datetime.today() - timedelta(days=datetime.today().weekday())).strftime('%Y-%m-%d 11:00:00')"/>
            <field name="end_datetime" eval="(datetime.today() - timedelta(days=datetime.today().weekday())).strftime('%Y-%m-%d  15:00:00')"/>
            <field name="resource_id" model="resource.resource" eval="obj().env.ref('hr.employee_jog').resource_id.id"/>
            <field name="allocated_hours" eval="4.0"/>
            <field name="role_id" ref="planning_role_technician"/>
            <field name="publication_warning" eval="False"/>
            <field name="state">draft</field>
        </record>

        <!-- Tuesday -->
        <record id="sale_planning_slot_21" model="planning.slot">
            <field name="start_datetime" eval="(datetime.today() - timedelta(days=datetime.today().weekday() - 1)).strftime('%Y-%m-%d 06:00:00')"/>
            <field name="end_datetime" eval="(datetime.today() - timedelta(days=datetime.today().weekday() - 1)).strftime('%Y-%m-%d  10:00:00')"/>
            <field name="resource_id" model="resource.resource" eval="obj().env.ref('hr.employee_jog').resource_id.id"/>
            <field name="allocated_hours" eval="4.0"/>
            <field name="role_id" ref="planning_role_technician"/>
            <field name="publication_warning" eval="False"/>
            <field name="state">draft</field>
        </record>
        <record id="sale_planning_slot_22" model="planning.slot">
            <field name="start_datetime" eval="(datetime.today() - timedelta(days=datetime.today().weekday() - 1)).strftime('%Y-%m-%d 06:00:00')"/>
            <field name="end_datetime" eval="(datetime.today() - timedelta(days=datetime.today().weekday() - 1)).strftime('%Y-%m-%d  10:00:00')"/>
            <field name="resource_id" model="resource.resource" eval="obj().env.ref('hr.employee_chs').resource_id.id"/>
            <field name="allocated_hours" eval="4.0"/>
            <field name="role_id" ref="planning_role_technician"/>
            <field name="publication_warning" eval="False"/>
            <field name="state">draft</field>
        </record>
        <record id="sale_planning_slot_23" model="planning.slot">
            <field name="start_datetime" eval="(datetime.today() - timedelta(days=datetime.today().weekday() - 1)).strftime('%Y-%m-%d 11:00:00')"/>
            <field name="end_datetime" eval="(datetime.today() - timedelta(days=datetime.today().weekday() - 1)).strftime('%Y-%m-%d  15:00:00')"/>
            <field name="resource_id" model="resource.resource" eval="obj().env.ref('hr.employee_jog').resource_id.id"/>
            <field name="allocated_hours" eval="4.0"/>
            <field name="role_id" ref="planning_role_technician"/>
            <field name="publication_warning" eval="False"/>
            <field name="state">draft</field>
        </record>
        <record id="sale_planning_slot_24" model="planning.slot">
            <field name="start_datetime" eval="(datetime.today() - timedelta(days=datetime.today().weekday() - 1)).strftime('%Y-%m-%d 11:00:00')"/>
            <field name="end_datetime" eval="(datetime.today() - timedelta(days=datetime.today().weekday() - 1)).strftime('%Y-%m-%d  15:00:00')"/>
            <field name="resource_id" model="resource.resource" eval="obj().env.ref('hr.employee_chs').resource_id.id"/>
            <field name="allocated_hours" eval="4.0"/>
            <field name="role_id" ref="planning_role_technician"/>
            <field name="publication_warning" eval="False"/>
            <field name="state">draft</field>
        </record>

        <!-- Thursday -->
        <record id="sale_planning_slot_32" model="planning.slot">
            <field name="start_datetime" eval="(datetime.today() - timedelta(days=datetime.today().weekday() - 3)).strftime('%Y-%m-%d 06:00:00')"/>
            <field name="end_datetime" eval="(datetime.today() - timedelta(days=datetime.today().weekday() - 3)).strftime('%Y-%m-%d  10:00:00')"/>
            <field name="resource_id" model="resource.resource" eval="obj().env.ref('hr.employee_chs').resource_id.id"/>
            <field name="allocated_hours" eval="4.0"/>
            <field name="role_id" ref="planning_role_technician"/>
            <field name="publication_warning" eval="False"/>
            <field name="state">draft</field>
        </record>
        <record id="sale_planning_slot_33" model="planning.slot">
            <field name="start_datetime" eval="(datetime.today() - timedelta(days=datetime.today().weekday() - 3)).strftime('%Y-%m-%d 11:00:00')"/>
            <field name="end_datetime" eval="(datetime.today() - timedelta(days=datetime.today().weekday() - 3)).strftime('%Y-%m-%d  15:00:00')"/>
            <field name="resource_id" model="resource.resource" eval="obj().env.ref('hr.employee_jog').resource_id.id"/>
            <field name="allocated_hours" eval="4.0"/>
            <field name="role_id" ref="planning_role_technician"/>
            <field name="publication_warning" eval="False"/>
            <field name="state">draft</field>
        </record>
        <record id="sale_planning_slot_34" model="planning.slot">
            <field name="start_datetime" eval="(datetime.today() - timedelta(days=datetime.today().weekday() - 3)).strftime('%Y-%m-%d 11:00:00')"/>
            <field name="end_datetime" eval="(datetime.today() - timedelta(days=datetime.today().weekday() - 3)).strftime('%Y-%m-%d  15:00:00')"/>
            <field name="resource_id" model="resource.resource" eval="obj().env.ref('hr.employee_chs').resource_id.id"/>
            <field name="allocated_hours" eval="4.0"/>
            <field name="role_id" ref="planning_role_technician"/>
            <field name="publication_warning" eval="False"/>
            <field name="state">draft</field>
        </record>

        <!-- Friday -->
        <record id="sale_planning_slot_41" model="planning.slot">
            <field name="start_datetime" eval="(datetime.today() - timedelta(days=datetime.today().weekday() - 4)).strftime('%Y-%m-%d 06:00:00')"/>
            <field name="end_datetime" eval="(datetime.today() - timedelta(days=datetime.today().weekday() - 4)).strftime('%Y-%m-%d  10:00:00')"/>
            <field name="resource_id" model="resource.resource" eval="obj().env.ref('hr.employee_jog').resource_id.id"/>
            <field name="allocated_hours" eval="4.0"/>
            <field name="role_id" ref="planning_role_technician"/>
            <field name="publication_warning" eval="False"/>
            <field name="state">draft</field>
        </record>
        <record id="sale_planning_slot_42" model="planning.slot">
            <field name="start_datetime" eval="(datetime.today() - timedelta(days=datetime.today().weekday() - 4)).strftime('%Y-%m-%d 06:00:00')"/>
            <field name="end_datetime" eval="(datetime.today() - timedelta(days=datetime.today().weekday() - 4)).strftime('%Y-%m-%d  10:00:00')"/>
            <field name="resource_id" model="resource.resource" eval="obj().env.ref('hr.employee_chs').resource_id.id"/>
            <field name="allocated_hours" eval="4.0"/>
            <field name="role_id" ref="planning_role_technician"/>
            <field name="publication_warning" eval="False"/>
            <field name="state">draft</field>
        </record>

        <!-- Week 2 -->

        <!-- Tuesday -->
        <record id="sale_planning_slot_52" model="planning.slot">
            <field name="start_datetime" eval="(datetime.today() - timedelta(days=datetime.today().weekday() - 8)).strftime('%Y-%m-%d 06:00:00')"/>
            <field name="end_datetime" eval="(datetime.today() - timedelta(days=datetime.today().weekday() - 8)).strftime('%Y-%m-%d  10:00:00')"/>
            <field name="resource_id" model="resource.resource" eval="obj().env.ref('hr.employee_chs').resource_id.id"/>
            <field name="allocated_hours" eval="4.0"/>
            <field name="role_id" ref="planning_role_technician"/>
            <field name="publication_warning" eval="False"/>
            <field name="state">draft</field>
        </record>
        <record id="sale_planning_slot_53" model="planning.slot">
            <field name="start_datetime" eval="(datetime.today() - timedelta(days=datetime.today().weekday() - 8)).strftime('%Y-%m-%d 11:00:00')"/>
            <field name="end_datetime" eval="(datetime.today() - timedelta(days=datetime.today().weekday() - 8)).strftime('%Y-%m-%d  15:00:00')"/>
            <field name="resource_id" model="resource.resource" eval="obj().env.ref('hr.employee_jog').resource_id.id"/>
            <field name="allocated_hours" eval="4.0"/>
            <field name="role_id" ref="planning_role_technician"/>
            <field name="publication_warning" eval="False"/>
            <field name="state">draft</field>
        </record>
        <record id="sale_planning_slot_54" model="planning.slot">
            <field name="start_datetime" eval="(datetime.today() - timedelta(days=datetime.today().weekday() - 8)).strftime('%Y-%m-%d 11:00:00')"/>
            <field name="end_datetime" eval="(datetime.today() - timedelta(days=datetime.today().weekday() - 8)).strftime('%Y-%m-%d  15:00:00')"/>
            <field name="resource_id" model="resource.resource" eval="obj().env.ref('hr.employee_chs').resource_id.id"/>
            <field name="allocated_hours" eval="4.0"/>
            <field name="role_id" ref="planning_role_technician"/>
            <field name="publication_warning" eval="False"/>
            <field name="state">draft</field>
        </record>

        <!-- Wednesday -->
        <record id="sale_planning_slot_61" model="planning.slot">
            <field name="start_datetime" eval="(datetime.today() - timedelta(days=datetime.today().weekday() - 9)).strftime('%Y-%m-%d 06:00:00')"/>
            <field name="end_datetime" eval="(datetime.today() - timedelta(days=datetime.today().weekday() - 9)).strftime('%Y-%m-%d  10:00:00')"/>
            <field name="resource_id" model="resource.resource" eval="obj().env.ref('hr.employee_jog').resource_id.id"/>
            <field name="role_id" ref="planning_role_technician"/>
            <field name="publication_warning" eval="False"/>
            <field name="state">draft</field>
        </record>
        <record id="sale_planning_slot_62" model="planning.slot">
            <field name="start_datetime" eval="(datetime.today() - timedelta(days=datetime.today().weekday() - 9)).strftime('%Y-%m-%d 06:00:00')"/>
            <field name="end_datetime" eval="(datetime.today() - timedelta(days=datetime.today().weekday() - 9)).strftime('%Y-%m-%d  10:00:00')"/>
            <field name="resource_id" model="resource.resource" eval="obj().env.ref('hr.employee_chs').resource_id.id"/>
            <field name="role_id" ref="planning_role_technician"/>
            <field name="publication_warning" eval="False"/>
            <field name="state">draft</field>
        </record>

    </data>
</odoo>
