<?xml version="1.0" encoding="utf-8"?>
<odoo>

    <record id="hr.job_marketing" model="hr.job">
        <field name="is_published">True</field>
        <field name="website_description" type="html">
            <!-- Description text and ratings -->
            <section class="pt32">
                <div class="container">
                    <div class="row">
                        <div class="col-lg-8 pb32">
                            <p class="lead">
                                As an employee of our company, you will <b>collaborate with each department to create and deploy
                                disruptive products.</b> Come work at a growing company that offers great benefits with opportunities to
                                moving forward and learn alongside accomplished leaders. We're seeking an experienced and outstanding member of staff.
                                <br/><br/>
                                This position is both <b>creative and rigorous</b> by nature you need to think outside the box.
                                We expect the candidate to be proactive and have a "get it done" spirit. To be successful,
                                you will have solid solving problem skills.
                            </p>
                        </div>
                        <div class="col-lg-3 offset-lg-1 pb32">
                            <div class="s_rating pb8" data-vcss="001" data-icon="fa-star" data-snippet="s_rating">
                                <h6 class="s_rating_title">Customer Relationship</h6>
                                <div class="s_rating_icons o_not_editable">
                                    <span class="s_rating_active_icons text-primary">
                                        <i class="fa fa-star"/>
                                        <i class="fa fa-star"/>
                                        <i class="fa fa-star"/>
                                        <i class="fa fa-star"/>
                                        <i class="fa fa-star"/>
                                    </span>
                                    <span class="s_rating_inactive_icons text-primary">
                                    </span>
                                </div>
                            </div>
                            <div class="s_rating pb8" data-vcss="001" data-icon="fa-star" data-snippet="s_rating">
                                <h6 class="s_rating_title">Personal Evolution</h6>
                                <div class="s_rating_icons o_not_editable">
                                    <span class="s_rating_active_icons text-primary">
                                        <i class="fa fa-star"/>
                                        <i class="fa fa-star"/>
                                        <i class="fa fa-star"/>
                                        <i class="fa fa-star"/>
                                        <i class="fa fa-star"/>
                                    </span>
                                    <span class="s_rating_inactive_icons text-primary">
                                    </span>
                                </div>
                            </div>
                            <div class="s_rating pb8" data-vcss="001" data-icon="fa-star" data-snippet="s_rating">
                                <h6 class="s_rating_title">Autonomy</h6>
                                <div class="s_rating_icons o_not_editable">
                                    <span class="s_rating_active_icons text-primary">
                                        <i class="fa fa-star"/>
                                        <i class="fa fa-star"/>
                                        <i class="fa fa-star"/>
                                        <i class="fa fa-star"/>
                                    </span>
                                    <span class="s_rating_inactive_icons text-primary">
                                        <i class="fa fa-star-o"/>
                                    </span>
                                </div>
                            </div>
                            <div class="s_rating pb8" data-vcss="001" data-icon="fa-star" data-snippet="s_rating">
                                <h6 class="s_rating_title">Administrative Work</h6>
                                <div class="s_rating_icons o_not_editable">
                                    <span class="s_rating_active_icons text-primary">
                                        <i class="fa fa-star"/>
                                        <i class="fa fa-star"/>
                                    </span>
                                    <span class="s_rating_inactive_icons text-primary">
                                        <i class="fa fa-star-o"/>
                                        <i class="fa fa-star-o"/>
                                        <i class="fa fa-star-o"/>
                                    </span>
                                </div>
                            </div>
                            <div class="s_rating pb8" data-vcss="001" data-icon="fa-star" data-snippet="s_rating">
                                <h6 class="s_rating_title">Technical Expertise</h6>
                                <div class="s_rating_icons o_not_editable">
                                    <span class="s_rating_active_icons text-primary">
                                        <i class="fa fa-star"/>
                                        <i class="fa fa-star"/>
                                        <i class="fa fa-star"/>
                                        <i class="fa fa-star"/>
                                        <i class="fa fa-star"/>
                                    </span>
                                    <span class="s_rating_inactive_icons text-primary">
                                    </span>
                                </div>
                            </div>
                        </div>
                    </div>
                </div>
            </section>
            <!-- Responsabilities, Must Have and Nice to have -->
            <section class="s_comparisons pt24 pb24 bg-200" data-snippet="s_comparisons">
                <div class="container">
                    <div class="row">
                        <div class="col-lg-4 s_col_no_bgcolor pt16 pb16" data-name="Box">
                            <div class="card bg-primary">
                                <h4 class="card-header">Responsibilities</h4>
                                <ul class="list-group list-group-flush">
                                    <li class="list-group-item">Lead the entire sales cycle</li>
                                    <li class="list-group-item">Achieve monthly sales objectives</li>
                                    <li class="list-group-item">Qualify the customer needs</li>
                                    <li class="list-group-item">Negotiate and contract</li>
                                    <li class="list-group-item">Master demos of our software</li>
                                </ul>
                            </div>
                        </div>
                        <div class="col-lg-4 s_col_no_bgcolor pt16 pb16" data-name="Box">
                            <div class="card bg-primary">
                                <h4 class="card-header">Must Have</h4>
                                <ul class="list-group list-group-flush">
                                    <li class="list-group-item">Bachelor Degree or Higher</li>
                                    <li class="list-group-item">Passion for software products</li>
                                    <li class="list-group-item">Perfect written English</li>
                                    <li class="list-group-item">Highly creative and autonomous</li>
                                    <li class="list-group-item">Valid work permit for Belgium</li>
                                </ul>
                            </div>
                        </div>
                        <div class="col-lg-4 s_col_no_bgcolor pt16 pb16" data-name="Box">
                            <div class="card bg-primary">
                                <h4 class="card-header">Nice to have</h4>
                                <ul class="list-group list-group-flush">
                                    <li class="list-group-item">Experience in writing online content</li>
                                    <li class="list-group-item">Additional languages</li>
                                    <li class="list-group-item">Google Adwords experience</li>
                                    <li class="list-group-item">Strong analytical skills</li>
                                </ul>
                            </div>
                        </div>
                    </div>
                </div>
            </section>
            <!-- What's great -->
            <section class="pt40">
                <div class="container">
                    <h2>What's great in the job?</h2>
                    <br/>
                    <div class="row">
                        <div class="col-lg-8 pb40">
                            <ul class="lead">
                                <li>Great team of smart people, in a friendly and open culture</li>
                                <li>No dumb managers, no stupid tools to use, no rigid working hours</li>
                                <li>No waste of time in enterprise processes, real responsibilities and autonomy</li>
                                <li>Expand your knowledge of various business industries</li>
                                <li>Create content that will help our users on a daily basis</li>
                                <li>Real responsibilities and challenges in a fast evolving company</li>
                            </ul>
                        </div>
                        <div class="col-lg-3 offset-lg-1 pb40">
                            <div>
                                <h5>Our Product</h5>
                                <p>Discover our products.</p>
                                <p><a href="/" class="btn btn-outline-primary" target="_blank"><small><b>READ</b></small></a></p>
                            </div>
                        </div>
                    </div>
                </div>
            </section>
            <!-- What we offer -->
            <section class="s_features pt40 pb40 bg-200" data-name="Features" data-snippet="s_features">
                <div class="container">
                    <h2>What We Offer</h2>
                    <br/>
                    <p class="lead">
                        Each employee has a chance to see the impact of his work.
                        You can make a real contribution to the success of the company.
                        <br/>
                        Several activities are often organized all over the year, such as weekly
                        sports sessions, team building events, monthly drink, and much more
                    </p>
                    <div class="row pt16">
                        <div class="col-lg-3 text-center pt16 pb32">
                            <i class="fa fa-2x fa-gift rounded-circle bg-primary m-3"></i>
                            <h3>Perks</h3>
                            <p>A full-time position <br/>Attractive salary package.</p>
                        </div>
                        <div class="col-lg-3 text-center pt16 pb32">
                            <i class="fa fa-2x fa-bar-chart rounded-circle bg-primary m-3"></i>
                            <h3>Trainings</h3>
                            <p>12 days / year, including <br/>6 of your choice.</p>
                        </div>
                        <div class="col-lg-3 text-center pt16 pb32">
                            <i class="fa fa-2x fa-futbol-o rounded-circle bg-primary m-3"></i>
                            <h3>Sport Activity</h3>
                            <p>Play any sport with colleagues, <br/>the bill is covered.</p>
                        </div>
                        <div class="col-lg-3 text-center pt16 pb32">
                            <i class="fa fa-2x fa-coffee rounded-circle bg-primary m-3"></i>
                            <h3>Eat &amp; Drink</h3>
                            <p>Fruit, coffee and <br/>snacks provided.</p>
                        </div>
                    </div>
                </div>
            </section>
            <!-- Photos -->
            <section class="pt24 pb16">
                <div class="container">
                    <div class="row">
                        <div class="col-md-12 col-lg-6 mt16 mb16">
                            <img alt="" class="img img-fluid" src="/website_hr_recruitment/static/src/img/job_image_3.jpg"/>
                        </div>
                        <div class="col-md-6 col-lg-3 mt16 mb16">
                            <img alt="" class="img img-fluid" src="/website_hr_recruitment/static/src/img/job_image_2.jpg"/>
                        </div>
                        <div class="col-md-6 col-lg-3 mt16 mb16">
                            <img alt="" class="img img-fluid" src="/website_hr_recruitment/static/src/img/job_image_4.jpg"/>
                        </div>
                    </div>
                    <div class="row">
                        <div class="col-md-6 col-lg-3 mt16 mb16">
                            <img alt="" class="img img-fluid" src="/website_hr_recruitment/static/src/img/job_image_6.jpg"/>
                        </div>
                        <div class="col-md-6 col-lg-3 mt16 mb16">
                            <img alt="" class="img img-fluid" src="/website_hr_recruitment/static/src/img/job_image_5.jpg"/>
                        </div>
                        <div class="col-md-12 col-lg-6 mt16 mb16">
                            <img alt="" class="img img-fluid" src="/website_hr_recruitment/static/src/img/job_image_1.jpg"/>
                        </div>
                    </div>
                </div>
            </section>
        </field>
    </record>

    <record id="hr.job_developer" model="hr.job">
        <field name="is_published">True</field>
        <field name="website_description" type="html">
            <!-- Description text and ratings -->
            <section class="pt32">
                <div class="container">
                    <div class="row">
                        <div class="col-lg-8 pb32">
                            <p class="lead">
                                As an employee of our company, you will <b>collaborate with each department to create and deploy
                                disruptive products.</b> Come work at a growing company that offers great benefits with opportunities to
                                moving forward and learn alongside accomplished leaders. We're seeking an experienced and outstanding member of staff.
                                <br/><br/>
                                This position is both <b>creative and rigorous</b> by nature you need to think outside the box.
                                We expect the candidate to be proactive and have a "get it done" spirit. To be successful,
                                you will have solid solving problem skills.
                            </p>
                        </div>
                        <div class="col-lg-3 offset-lg-1 pb32">
                            <div class="s_rating pb8" data-vcss="001" data-icon="fa-star" data-snippet="s_rating">
                                <h6 class="s_rating_title">Customer Relationship</h6>
                                <div class="s_rating_icons o_not_editable">
                                    <span class="s_rating_active_icons text-primary">
                                        <i class="fa fa-star"/>
                                        <i class="fa fa-star"/>
                                        <i class="fa fa-star"/>
                                        <i class="fa fa-star"/>
                                        <i class="fa fa-star"/>
                                    </span>
                                    <span class="s_rating_inactive_icons text-primary">
                                    </span>
                                </div>
                            </div>
                            <div class="s_rating pb8" data-vcss="001" data-icon="fa-star" data-snippet="s_rating">
                                <h6 class="s_rating_title">Personal Evolution</h6>
                                <div class="s_rating_icons o_not_editable">
                                    <span class="s_rating_active_icons text-primary">
                                        <i class="fa fa-star"/>
                                        <i class="fa fa-star"/>
                                        <i class="fa fa-star"/>
                                        <i class="fa fa-star"/>
                                        <i class="fa fa-star"/>
                                    </span>
                                    <span class="s_rating_inactive_icons text-primary">
                                    </span>
                                </div>
                            </div>
                            <div class="s_rating pb8" data-vcss="001" data-icon="fa-star" data-snippet="s_rating">
                                <h6 class="s_rating_title">Autonomy</h6>
                                <div class="s_rating_icons o_not_editable">
                                    <span class="s_rating_active_icons text-primary">
                                        <i class="fa fa-star"/>
                                        <i class="fa fa-star"/>
                                        <i class="fa fa-star"/>
                                        <i class="fa fa-star"/>
                                    </span>
                                    <span class="s_rating_inactive_icons text-primary">
                                        <i class="fa fa-star-o"/>
                                    </span>
                                </div>
                            </div>
                            <div class="s_rating pb8" data-vcss="001" data-icon="fa-star" data-snippet="s_rating">
                                <h6 class="s_rating_title">Administrative Work</h6>
                                <div class="s_rating_icons o_not_editable">
                                    <span class="s_rating_active_icons text-primary">
                                        <i class="fa fa-star"/>
                                        <i class="fa fa-star"/>
                                    </span>
                                    <span class="s_rating_inactive_icons text-primary">
                                        <i class="fa fa-star-o"/>
                                        <i class="fa fa-star-o"/>
                                        <i class="fa fa-star-o"/>
                                    </span>
                                </div>
                            </div>
                            <div class="s_rating pb8" data-vcss="001" data-icon="fa-star" data-snippet="s_rating">
                                <h6 class="s_rating_title">Technical Expertise</h6>
                                <div class="s_rating_icons o_not_editable">
                                    <span class="s_rating_active_icons text-primary">
                                        <i class="fa fa-star"/>
                                        <i class="fa fa-star"/>
                                        <i class="fa fa-star"/>
                                        <i class="fa fa-star"/>
                                        <i class="fa fa-star"/>
                                    </span>
                                    <span class="s_rating_inactive_icons text-primary">
                                    </span>
                                </div>
                            </div>
                        </div>
                    </div>
                </div>
            </section>
            <!-- Responsabilities, Must Have and Nice to have -->
            <section class="s_comparisons pt24 pb24 bg-200" data-snippet="s_comparisons">
                <div class="container">
                    <div class="row">
                        <div class="col-lg-4 s_col_no_bgcolor pt16 pb16" data-name="Box">
                            <div class="card bg-primary">
                                <h4 class="card-header">Responsibilities</h4>
                                <ul class="list-group list-group-flush">
                                    <li class="list-group-item">Lead the entire sales cycle</li>
                                    <li class="list-group-item">Achieve monthly sales objectives</li>
                                    <li class="list-group-item">Qualify the customer needs</li>
                                    <li class="list-group-item">Negotiate and contract</li>
                                    <li class="list-group-item">Master demos of our software</li>
                                </ul>
                            </div>
                        </div>
                        <div class="col-lg-4 s_col_no_bgcolor pt16 pb16" data-name="Box">
                            <div class="card bg-primary">
                                <h4 class="card-header">Must Have</h4>
                                <ul class="list-group list-group-flush">
                                    <li class="list-group-item">Bachelor Degree or Higher</li>
                                    <li class="list-group-item">Passion for software products</li>
                                    <li class="list-group-item">Perfect written English</li>
                                    <li class="list-group-item">Highly creative and autonomous</li>
                                    <li class="list-group-item">Valid work permit for Belgium</li>
                                </ul>
                            </div>
                        </div>
                        <div class="col-lg-4 s_col_no_bgcolor pt16 pb16" data-name="Box">
                            <div class="card bg-primary">
                                <h4 class="card-header">Nice to have</h4>
                                <ul class="list-group list-group-flush">
                                    <li class="list-group-item">Experience in writing online content</li>
                                    <li class="list-group-item">Additional languages</li>
                                    <li class="list-group-item">Google Adwords experience</li>
                                    <li class="list-group-item">Strong analytical skills</li>
                                </ul>
                            </div>
                        </div>
                    </div>
                </div>
            </section>
            <!-- What's great -->
            <section class="pt40">
                <div class="container">
                    <h2>What's great in the job?</h2>
                    <br/>
                    <div class="row">
                        <div class="col-lg-8 pb40">
                            <ul class="lead">
                                <li>Great team of smart people, in a friendly and open culture</li>
                                <li>No dumb managers, no stupid tools to use, no rigid working hours</li>
                                <li>No waste of time in enterprise processes, real responsibilities and autonomy</li>
                                <li>Expand your knowledge of various business industries</li>
                                <li>Create content that will help our users on a daily basis</li>
                                <li>Real responsibilities and challenges in a fast evolving company</li>
                            </ul>
                        </div>
                        <div class="col-lg-3 offset-lg-1 pb40">
                            <div>
                                <h5>Our Product</h5>
                                <p>Discover our products.</p>
                                <p><a href="/" class="btn btn-outline-primary" target="_blank"><small><b>READ</b></small></a></p>
                            </div>
                        </div>
                    </div>
                </div>
            </section>
            <!-- What we offer -->
            <section class="s_features pt40 pb40 bg-200" data-name="Features" data-snippet="s_features">
                <div class="container">
                    <h2>What We Offer</h2>
                    <br/>
                    <p class="lead">
                        Each employee has a chance to see the impact of his work.
                        You can make a real contribution to the success of the company.
                        <br/>
                        Several activities are often organized all over the year, such as weekly
                        sports sessions, team building events, monthly drink, and much more
                    </p>
                    <div class="row pt16">
                        <div class="col-lg-3 text-center pt16 pb32">
                            <i class="fa fa-2x fa-gift rounded-circle bg-primary m-3"></i>
                            <h3>Perks</h3>
                            <p>A full-time position <br/>Attractive salary package.</p>
                        </div>
                        <div class="col-lg-3 text-center pt16 pb32">
                            <i class="fa fa-2x fa-bar-chart rounded-circle bg-primary m-3"></i>
                            <h3>Trainings</h3>
                            <p>12 days / year, including <br/>6 of your choice.</p>
                        </div>
                        <div class="col-lg-3 text-center pt16 pb32">
                            <i class="fa fa-2x fa-futbol-o rounded-circle bg-primary m-3"></i>
                            <h3>Sport Activity</h3>
                            <p>Play any sport with colleagues, <br/>the bill is covered.</p>
                        </div>
                        <div class="col-lg-3 text-center pt16 pb32">
                            <i class="fa fa-2x fa-coffee rounded-circle bg-primary m-3"></i>
                            <h3>Eat &amp; Drink</h3>
                            <p>Fruit, coffee and <br/>snacks provided.</p>
                        </div>
                    </div>
                </div>
            </section>
            <!-- Photos -->
            <section class="pt24 pb16">
                <div class="container">
                    <div class="row">
                        <div class="col-md-12 col-lg-6 mt16 mb16">
                            <img alt="" class="img img-fluid" src="/website_hr_recruitment/static/src/img/job_image_3.jpg"/>
                        </div>
                        <div class="col-md-6 col-lg-3 mt16 mb16">
                            <img alt="" class="img img-fluid" src="/website_hr_recruitment/static/src/img/job_image_2.jpg"/>
                        </div>
                        <div class="col-md-6 col-lg-3 mt16 mb16">
                            <img alt="" class="img img-fluid" src="/website_hr_recruitment/static/src/img/job_image_4.jpg"/>
                        </div>
                    </div>
                    <div class="row">
                        <div class="col-md-6 col-lg-3 mt16 mb16">
                            <img alt="" class="img img-fluid" src="/website_hr_recruitment/static/src/img/job_image_6.jpg"/>
                        </div>
                        <div class="col-md-6 col-lg-3 mt16 mb16">
                            <img alt="" class="img img-fluid" src="/website_hr_recruitment/static/src/img/job_image_5.jpg"/>
                        </div>
                        <div class="col-md-12 col-lg-6 mt16 mb16">
                            <img alt="" class="img img-fluid" src="/website_hr_recruitment/static/src/img/job_image_1.jpg"/>
                        </div>
                    </div>
                </div>
            </section>
        </field>
    </record>

    <record id="hr.job_consultant" model="hr.job">
        <field name="is_published">True</field>
        <field name="website_description" type="html">
            <!-- Description text and ratings -->
            <section class="pt32">
                <div class="container">
                    <div class="row">
                        <div class="col-lg-8 pb32">
                            <p class="lead">
                                As an employee of our company, you will <b>collaborate with each department to create and deploy
                                disruptive products.</b> Come work at a growing company that offers great benefits with opportunities to
                                moving forward and learn alongside accomplished leaders. We're seeking an experienced and outstanding member of staff.
                                <br/><br/>
                                This position is both <b>creative and rigorous</b> by nature you need to think outside the box.
                                We expect the candidate to be proactive and have a "get it done" spirit. To be successful,
                                you will have solid solving problem skills.
                            </p>
                        </div>
                        <div class="col-lg-3 offset-lg-1 pb32">
                            <div class="s_rating pb8" data-vcss="001" data-icon="fa-star" data-snippet="s_rating">
                                <h6 class="s_rating_title">Customer Relationship</h6>
                                <div class="s_rating_icons o_not_editable">
                                    <span class="s_rating_active_icons text-primary">
                                        <i class="fa fa-star"/>
                                        <i class="fa fa-star"/>
                                        <i class="fa fa-star"/>
                                        <i class="fa fa-star"/>
                                        <i class="fa fa-star"/>
                                    </span>
                                    <span class="s_rating_inactive_icons text-primary">
                                    </span>
                                </div>
                            </div>
                            <div class="s_rating pb8" data-vcss="001" data-icon="fa-star" data-snippet="s_rating">
                                <h6 class="s_rating_title">Personal Evolution</h6>
                                <div class="s_rating_icons o_not_editable">
                                    <span class="s_rating_active_icons text-primary">
                                        <i class="fa fa-star"/>
                                        <i class="fa fa-star"/>
                                        <i class="fa fa-star"/>
                                        <i class="fa fa-star"/>
                                        <i class="fa fa-star"/>
                                    </span>
                                    <span class="s_rating_inactive_icons text-primary">
                                    </span>
                                </div>
                            </div>
                            <div class="s_rating pb8" data-vcss="001" data-icon="fa-star" data-snippet="s_rating">
                                <h6 class="s_rating_title">Autonomy</h6>
                                <div class="s_rating_icons o_not_editable">
                                    <span class="s_rating_active_icons text-primary">
                                        <i class="fa fa-star"/>
                                        <i class="fa fa-star"/>
                                        <i class="fa fa-star"/>
                                        <i class="fa fa-star"/>
                                    </span>
                                    <span class="s_rating_inactive_icons text-primary">
                                        <i class="fa fa-star-o"/>
                                    </span>
                                </div>
                            </div>
                            <div class="s_rating pb8" data-vcss="001" data-icon="fa-star" data-snippet="s_rating">
                                <h6 class="s_rating_title">Administrative Work</h6>
                                <div class="s_rating_icons o_not_editable">
                                    <span class="s_rating_active_icons text-primary">
                                        <i class="fa fa-star"/>
                                        <i class="fa fa-star"/>
                                    </span>
                                    <span class="s_rating_inactive_icons text-primary">
                                        <i class="fa fa-star-o"/>
                                        <i class="fa fa-star-o"/>
                                        <i class="fa fa-star-o"/>
                                    </span>
                                </div>
                            </div>
                            <div class="s_rating pb8" data-vcss="001" data-icon="fa-star" data-snippet="s_rating">
                                <h6 class="s_rating_title">Technical Expertise</h6>
                                <div class="s_rating_icons o_not_editable">
                                    <span class="s_rating_active_icons text-primary">
                                        <i class="fa fa-star"/>
                                        <i class="fa fa-star"/>
                                        <i class="fa fa-star"/>
                                        <i class="fa fa-star"/>
                                        <i class="fa fa-star"/>
                                    </span>
                                    <span class="s_rating_inactive_icons text-primary">
                                    </span>
                                </div>
                            </div>
                        </div>
                    </div>
                </div>
            </section>
            <!-- Responsabilities, Must Have and Nice to have -->
            <section class="s_comparisons pt24 pb24 bg-200" data-snippet="s_comparisons">
                <div class="container">
                    <div class="row">
                        <div class="col-lg-4 s_col_no_bgcolor pt16 pb16" data-name="Box">
                            <div class="card bg-primary">
                                <h4 class="card-header">Responsibilities</h4>
                                <ul class="list-group list-group-flush">
                                    <li class="list-group-item">Lead the entire sales cycle</li>
                                    <li class="list-group-item">Achieve monthly sales objectives</li>
                                    <li class="list-group-item">Qualify the customer needs</li>
                                    <li class="list-group-item">Negotiate and contract</li>
                                    <li class="list-group-item">Master demos of our software</li>
                                </ul>
                            </div>
                        </div>
                        <div class="col-lg-4 s_col_no_bgcolor pt16 pb16" data-name="Box">
                            <div class="card bg-primary">
                                <h4 class="card-header">Must Have</h4>
                                <ul class="list-group list-group-flush">
                                    <li class="list-group-item">Bachelor Degree or Higher</li>
                                    <li class="list-group-item">Passion for software products</li>
                                    <li class="list-group-item">Perfect written English</li>
                                    <li class="list-group-item">Highly creative and autonomous</li>
                                    <li class="list-group-item">Valid work permit for Belgium</li>
                                </ul>
                            </div>
                        </div>
                        <div class="col-lg-4 s_col_no_bgcolor pt16 pb16" data-name="Box">
                            <div class="card bg-primary">
                                <h4 class="card-header">Nice to have</h4>
                                <ul class="list-group list-group-flush">
                                    <li class="list-group-item">Experience in writing online content</li>
                                    <li class="list-group-item">Additional languages</li>
                                    <li class="list-group-item">Google Adwords experience</li>
                                    <li class="list-group-item">Strong analytical skills</li>
                                </ul>
                            </div>
                        </div>
                    </div>
                </div>
            </section>
            <!-- What's great -->
            <section class="pt40">
                <div class="container">
                    <h2>What's great in the job?</h2>
                    <br/>
                    <div class="row">
                        <div class="col-lg-8 pb40">
                            <ul class="lead">
                                <li>Great team of smart people, in a friendly and open culture</li>
                                <li>No dumb managers, no stupid tools to use, no rigid working hours</li>
                                <li>No waste of time in enterprise processes, real responsibilities and autonomy</li>
                                <li>Expand your knowledge of various business industries</li>
                                <li>Create content that will help our users on a daily basis</li>
                                <li>Real responsibilities and challenges in a fast evolving company</li>
                            </ul>
                        </div>
                        <div class="col-lg-3 offset-lg-1 pb40">
                            <div>
                                <h5>Our Product</h5>
                                <p>Discover our products.</p>
                                <p><a href="/" class="btn btn-outline-primary" target="_blank"><small><b>READ</b></small></a></p>
                            </div>
                        </div>
                    </div>
                </div>
            </section>
            <!-- What we offer -->
            <section class="s_features pt40 pb40 bg-200" data-name="Features" data-snippet="s_features">
                <div class="container">
                    <h2>What We Offer</h2>
                    <br/>
                    <p class="lead">
                        Each employee has a chance to see the impact of his work.
                        You can make a real contribution to the success of the company.
                        <br/>
                        Several activities are often organized all over the year, such as weekly
                        sports sessions, team building events, monthly drink, and much more
                    </p>
                    <div class="row pt16">
                        <div class="col-lg-3 text-center pt16 pb32">
                            <i class="fa fa-2x fa-gift rounded-circle bg-primary m-3"></i>
                            <h3>Perks</h3>
                            <p>A full-time position <br/>Attractive salary package.</p>
                        </div>
                        <div class="col-lg-3 text-center pt16 pb32">
                            <i class="fa fa-2x fa-bar-chart rounded-circle bg-primary m-3"></i>
                            <h3>Trainings</h3>
                            <p>12 days / year, including <br/>6 of your choice.</p>
                        </div>
                        <div class="col-lg-3 text-center pt16 pb32">
                            <i class="fa fa-2x fa-futbol-o rounded-circle bg-primary m-3"></i>
                            <h3>Sport Activity</h3>
                            <p>Play any sport with colleagues, <br/>the bill is covered.</p>
                        </div>
                        <div class="col-lg-3 text-center pt16 pb32">
                            <i class="fa fa-2x fa-coffee rounded-circle bg-primary m-3"></i>
                            <h3>Eat &amp; Drink</h3>
                            <p>Fruit, coffee and <br/>snacks provided.</p>
                        </div>
                    </div>
                </div>
            </section>
            <!-- Photos -->
            <section class="pt24 pb16">
                <div class="container">
                    <div class="row">
                        <div class="col-md-12 col-lg-6 mt16 mb16">
                            <img alt="" class="img img-fluid" src="/website_hr_recruitment/static/src/img/job_image_3.jpg"/>
                        </div>
                        <div class="col-md-6 col-lg-3 mt16 mb16">
                            <img alt="" class="img img-fluid" src="/website_hr_recruitment/static/src/img/job_image_2.jpg"/>
                        </div>
                        <div class="col-md-6 col-lg-3 mt16 mb16">
                            <img alt="" class="img img-fluid" src="/website_hr_recruitment/static/src/img/job_image_4.jpg"/>
                        </div>
                    </div>
                    <div class="row">
                        <div class="col-md-6 col-lg-3 mt16 mb16">
                            <img alt="" class="img img-fluid" src="/website_hr_recruitment/static/src/img/job_image_6.jpg"/>
                        </div>
                        <div class="col-md-6 col-lg-3 mt16 mb16">
                            <img alt="" class="img img-fluid" src="/website_hr_recruitment/static/src/img/job_image_5.jpg"/>
                        </div>
                        <div class="col-md-12 col-lg-6 mt16 mb16">
                            <img alt="" class="img img-fluid" src="/website_hr_recruitment/static/src/img/job_image_1.jpg"/>
                        </div>
                    </div>
                </div>
            </section>
        </field>
    </record>

    <record id="hr.job_ceo" model="hr.job">
        <field name="website_description" type="html">
            <!-- Description text and ratings -->
            <section class="pt32">
                <div class="container">
                    <div class="row">
                        <div class="col-lg-8 pb32">
                            <p class="lead">
                                As an employee of our company, you will <b>collaborate with each department to create and deploy
                                disruptive products.</b> Come work at a growing company that offers great benefits with opportunities to
                                moving forward and learn alongside accomplished leaders. We're seeking an experienced and outstanding member of staff.
                                <br/><br/>
                                This position is both <b>creative and rigorous</b> by nature you need to think outside the box.
                                We expect the candidate to be proactive and have a "get it done" spirit. To be successful,
                                you will have solid solving problem skills.
                            </p>
                        </div>
                        <div class="col-lg-3 offset-lg-1 pb32">
                            <div class="s_rating pb8" data-vcss="001" data-icon="fa-star" data-snippet="s_rating">
                                <h6 class="s_rating_title">Customer Relationship</h6>
                                <div class="s_rating_icons o_not_editable">
                                    <span class="s_rating_active_icons text-primary">
                                        <i class="fa fa-star"/>
                                        <i class="fa fa-star"/>
                                        <i class="fa fa-star"/>
                                        <i class="fa fa-star"/>
                                        <i class="fa fa-star"/>
                                    </span>
                                    <span class="s_rating_inactive_icons text-primary">
                                    </span>
                                </div>
                            </div>
                            <div class="s_rating pb8" data-vcss="001" data-icon="fa-star" data-snippet="s_rating">
                                <h6 class="s_rating_title">Personal Evolution</h6>
                                <div class="s_rating_icons o_not_editable">
                                    <span class="s_rating_active_icons text-primary">
                                        <i class="fa fa-star"/>
                                        <i class="fa fa-star"/>
                                        <i class="fa fa-star"/>
                                        <i class="fa fa-star"/>
                                        <i class="fa fa-star"/>
                                    </span>
                                    <span class="s_rating_inactive_icons text-primary">
                                    </span>
                                </div>
                            </div>
                            <div class="s_rating pb8" data-vcss="001" data-icon="fa-star" data-snippet="s_rating">
                                <h6 class="s_rating_title">Autonomy</h6>
                                <div class="s_rating_icons o_not_editable">
                                    <span class="s_rating_active_icons text-primary">
                                        <i class="fa fa-star"/>
                                        <i class="fa fa-star"/>
                                        <i class="fa fa-star"/>
                                        <i class="fa fa-star"/>
                                    </span>
                                    <span class="s_rating_inactive_icons text-primary">
                                        <i class="fa fa-star-o"/>
                                    </span>
                                </div>
                            </div>
                            <div class="s_rating pb8" data-vcss="001" data-icon="fa-star" data-snippet="s_rating">
                                <h6 class="s_rating_title">Administrative Work</h6>
                                <div class="s_rating_icons o_not_editable">
                                    <span class="s_rating_active_icons text-primary">
                                        <i class="fa fa-star"/>
                                        <i class="fa fa-star"/>
                                    </span>
                                    <span class="s_rating_inactive_icons text-primary">
                                        <i class="fa fa-star-o"/>
                                        <i class="fa fa-star-o"/>
                                        <i class="fa fa-star-o"/>
                                    </span>
                                </div>
                            </div>
                            <div class="s_rating pb8" data-vcss="001" data-icon="fa-star" data-snippet="s_rating">
                                <h6 class="s_rating_title">Technical Expertise</h6>
                                <div class="s_rating_icons o_not_editable">
                                    <span class="s_rating_active_icons text-primary">
                                        <i class="fa fa-star"/>
                                        <i class="fa fa-star"/>
                                        <i class="fa fa-star"/>
                                        <i class="fa fa-star"/>
                                        <i class="fa fa-star"/>
                                    </span>
                                    <span class="s_rating_inactive_icons text-primary">
                                    </span>
                                </div>
                            </div>
                        </div>
                    </div>
                </div>
            </section>
            <!-- Responsabilities, Must Have and Nice to have -->
            <section class="s_comparisons pt24 pb24 bg-200" data-snippet="s_comparisons">
                <div class="container">
                    <div class="row">
                        <div class="col-lg-4 s_col_no_bgcolor pt16 pb16" data-name="Box">
                            <div class="card bg-primary">
                                <h4 class="card-header">Responsibilities</h4>
                                <ul class="list-group list-group-flush">
                                    <li class="list-group-item">Lead the entire sales cycle</li>
                                    <li class="list-group-item">Achieve monthly sales objectives</li>
                                    <li class="list-group-item">Qualify the customer needs</li>
                                    <li class="list-group-item">Negotiate and contract</li>
                                    <li class="list-group-item">Master demos of our software</li>
                                </ul>
                            </div>
                        </div>
                        <div class="col-lg-4 s_col_no_bgcolor pt16 pb16" data-name="Box">
                            <div class="card bg-primary">
                                <h4 class="card-header">Must Have</h4>
                                <ul class="list-group list-group-flush">
                                    <li class="list-group-item">Bachelor Degree or Higher</li>
                                    <li class="list-group-item">Passion for software products</li>
                                    <li class="list-group-item">Perfect written English</li>
                                    <li class="list-group-item">Highly creative and autonomous</li>
                                    <li class="list-group-item">Valid work permit for Belgium</li>
                                </ul>
                            </div>
                        </div>
                        <div class="col-lg-4 s_col_no_bgcolor pt16 pb16" data-name="Box">
                            <div class="card bg-primary">
                                <h4 class="card-header">Nice to have</h4>
                                <ul class="list-group list-group-flush">
                                    <li class="list-group-item">Experience in writing online content</li>
                                    <li class="list-group-item">Additional languages</li>
                                    <li class="list-group-item">Google Adwords experience</li>
                                    <li class="list-group-item">Strong analytical skills</li>
                                </ul>
                            </div>
                        </div>
                    </div>
                </div>
            </section>
            <!-- What's great -->
            <section class="pt40">
                <div class="container">
                    <h2>What's great in the job?</h2>
                    <br/>
                    <div class="row">
                        <div class="col-lg-8 pb40">
                            <ul class="lead">
                                <li>Great team of smart people, in a friendly and open culture</li>
                                <li>No dumb managers, no stupid tools to use, no rigid working hours</li>
                                <li>No waste of time in enterprise processes, real responsibilities and autonomy</li>
                                <li>Expand your knowledge of various business industries</li>
                                <li>Create content that will help our users on a daily basis</li>
                                <li>Real responsibilities and challenges in a fast evolving company</li>
                            </ul>
                        </div>
                        <div class="col-lg-3 offset-lg-1 pb40">
                            <div>
                                <h5>Our Product</h5>
                                <p>Discover our products.</p>
                                <p><a href="/" class="btn btn-outline-primary" target="_blank"><small><b>READ</b></small></a></p>
                            </div>
                        </div>
                    </div>
                </div>
            </section>
            <!-- What we offer -->
            <section class="s_features pt40 pb40 bg-200" data-name="Features" data-snippet="s_features">
                <div class="container">
                    <h2>What We Offer</h2>
                    <br/>
                    <p class="lead">
                        Each employee has a chance to see the impact of his work.
                        You can make a real contribution to the success of the company.
                        <br/>
                        Several activities are often organized all over the year, such as weekly
                        sports sessions, team building events, monthly drink, and much more
                    </p>
                    <div class="row pt16">
                        <div class="col-lg-3 text-center pt16 pb32">
                            <i class="fa fa-2x fa-gift rounded-circle bg-primary m-3"></i>
                            <h3>Perks</h3>
                            <p>A full-time position <br/>Attractive salary package.</p>
                        </div>
                        <div class="col-lg-3 text-center pt16 pb32">
                            <i class="fa fa-2x fa-bar-chart rounded-circle bg-primary m-3"></i>
                            <h3>Trainings</h3>
                            <p>12 days / year, including <br/>6 of your choice.</p>
                        </div>
                        <div class="col-lg-3 text-center pt16 pb32">
                            <i class="fa fa-2x fa-futbol-o rounded-circle bg-primary m-3"></i>
                            <h3>Sport Activity</h3>
                            <p>Play any sport with colleagues, <br/>the bill is covered.</p>
                        </div>
                        <div class="col-lg-3 text-center pt16 pb32">
                            <i class="fa fa-2x fa-coffee rounded-circle bg-primary m-3"></i>
                            <h3>Eat &amp; Drink</h3>
                            <p>Fruit, coffee and <br/>snacks provided.</p>
                        </div>
                    </div>
                </div>
            </section>
            <!-- Photos -->
            <section class="pt24 pb16">
                <div class="container">
                    <div class="row">
                        <div class="col-md-12 col-lg-6 mt16 mb16">
                            <img alt="" class="img img-fluid" src="/website_hr_recruitment/static/src/img/job_image_3.jpg"/>
                        </div>
                        <div class="col-md-6 col-lg-3 mt16 mb16">
                            <img alt="" class="img img-fluid" src="/website_hr_recruitment/static/src/img/job_image_2.jpg"/>
                        </div>
                        <div class="col-md-6 col-lg-3 mt16 mb16">
                            <img alt="" class="img img-fluid" src="/website_hr_recruitment/static/src/img/job_image_4.jpg"/>
                        </div>
                    </div>
                    <div class="row">
                        <div class="col-md-6 col-lg-3 mt16 mb16">
                            <img alt="" class="img img-fluid" src="/website_hr_recruitment/static/src/img/job_image_6.jpg"/>
                        </div>
                        <div class="col-md-6 col-lg-3 mt16 mb16">
                            <img alt="" class="img img-fluid" src="/website_hr_recruitment/static/src/img/job_image_5.jpg"/>
                        </div>
                        <div class="col-md-12 col-lg-6 mt16 mb16">
                            <img alt="" class="img img-fluid" src="/website_hr_recruitment/static/src/img/job_image_1.jpg"/>
                        </div>
                    </div>
                </div>
            </section>
        </field>
    </record>

    <record id="hr.job_cto" model="hr.job">
        <field name="website_description" type="html">
            <!-- Description text and ratings -->
            <section class="pt32">
                <div class="container">
                    <div class="row">
                        <div class="col-lg-8 pb32">
                            <p class="lead">
                                As an employee of our company, you will <b>collaborate with each department to create and deploy
                                disruptive products.</b> Come work at a growing company that offers great benefits with opportunities to
                                moving forward and learn alongside accomplished leaders. We're seeking an experienced and outstanding member of staff.
                                <br/><br/>
                                This position is both <b>creative and rigorous</b> by nature you need to think outside the box.
                                We expect the candidate to be proactive and have a "get it done" spirit. To be successful,
                                you will have solid solving problem skills.
                            </p>
                        </div>
                        <div class="col-lg-3 offset-lg-1 pb32">
                            <div class="s_rating pb8" data-vcss="001" data-icon="fa-star" data-snippet="s_rating">
                                <h6 class="s_rating_title">Customer Relationship</h6>
                                <div class="s_rating_icons o_not_editable">
                                    <span class="s_rating_active_icons text-primary">
                                        <i class="fa fa-star"/>
                                        <i class="fa fa-star"/>
                                        <i class="fa fa-star"/>
                                        <i class="fa fa-star"/>
                                        <i class="fa fa-star"/>
                                    </span>
                                    <span class="s_rating_inactive_icons text-primary">
                                    </span>
                                </div>
                            </div>
                            <div class="s_rating pb8" data-vcss="001" data-icon="fa-star" data-snippet="s_rating">
                                <h6 class="s_rating_title">Personal Evolution</h6>
                                <div class="s_rating_icons o_not_editable">
                                    <span class="s_rating_active_icons text-primary">
                                        <i class="fa fa-star"/>
                                        <i class="fa fa-star"/>
                                        <i class="fa fa-star"/>
                                        <i class="fa fa-star"/>
                                        <i class="fa fa-star"/>
                                    </span>
                                    <span class="s_rating_inactive_icons text-primary">
                                    </span>
                                </div>
                            </div>
                            <div class="s_rating pb8" data-vcss="001" data-icon="fa-star" data-snippet="s_rating">
                                <h6 class="s_rating_title">Autonomy</h6>
                                <div class="s_rating_icons o_not_editable">
                                    <span class="s_rating_active_icons text-primary">
                                        <i class="fa fa-star"/>
                                        <i class="fa fa-star"/>
                                        <i class="fa fa-star"/>
                                        <i class="fa fa-star"/>
                                    </span>
                                    <span class="s_rating_inactive_icons text-primary">
                                        <i class="fa fa-star-o"/>
                                    </span>
                                </div>
                            </div>
                            <div class="s_rating pb8" data-vcss="001" data-icon="fa-star" data-snippet="s_rating">
                                <h6 class="s_rating_title">Administrative Work</h6>
                                <div class="s_rating_icons o_not_editable">
                                    <span class="s_rating_active_icons text-primary">
                                        <i class="fa fa-star"/>
                                        <i class="fa fa-star"/>
                                    </span>
                                    <span class="s_rating_inactive_icons text-primary">
                                        <i class="fa fa-star-o"/>
                                        <i class="fa fa-star-o"/>
                                        <i class="fa fa-star-o"/>
                                    </span>
                                </div>
                            </div>
                            <div class="s_rating pb8" data-vcss="001" data-icon="fa-star" data-snippet="s_rating">
                                <h6 class="s_rating_title">Technical Expertise</h6>
                                <div class="s_rating_icons o_not_editable">
                                    <span class="s_rating_active_icons text-primary">
                                        <i class="fa fa-star"/>
                                        <i class="fa fa-star"/>
                                        <i class="fa fa-star"/>
                                        <i class="fa fa-star"/>
                                        <i class="fa fa-star"/>
                                    </span>
                                    <span class="s_rating_inactive_icons text-primary">
                                    </span>
                                </div>
                            </div>
                        </div>
                    </div>
                </div>
            </section>
            <!-- Responsabilities, Must Have and Nice to have -->
            <section class="s_comparisons pt24 pb24 bg-200" data-snippet="s_comparisons">
                <div class="container">
                    <div class="row">
                        <div class="col-lg-4 s_col_no_bgcolor pt16 pb16" data-name="Box">
                            <div class="card bg-primary">
                                <h4 class="card-header">Responsibilities</h4>
                                <ul class="list-group list-group-flush">
                                    <li class="list-group-item">Lead the entire sales cycle</li>
                                    <li class="list-group-item">Achieve monthly sales objectives</li>
                                    <li class="list-group-item">Qualify the customer needs</li>
                                    <li class="list-group-item">Negotiate and contract</li>
                                    <li class="list-group-item">Master demos of our software</li>
                                </ul>
                            </div>
                        </div>
                        <div class="col-lg-4 s_col_no_bgcolor pt16 pb16" data-name="Box">
                            <div class="card bg-primary">
                                <h4 class="card-header">Must Have</h4>
                                <ul class="list-group list-group-flush">
                                    <li class="list-group-item">Bachelor Degree or Higher</li>
                                    <li class="list-group-item">Passion for software products</li>
                                    <li class="list-group-item">Perfect written English</li>
                                    <li class="list-group-item">Highly creative and autonomous</li>
                                    <li class="list-group-item">Valid work permit for Belgium</li>
                                </ul>
                            </div>
                        </div>
                        <div class="col-lg-4 s_col_no_bgcolor pt16 pb16" data-name="Box">
                            <div class="card bg-primary">
                                <h4 class="card-header">Nice to have</h4>
                                <ul class="list-group list-group-flush">
                                    <li class="list-group-item">Experience in writing online content</li>
                                    <li class="list-group-item">Additional languages</li>
                                    <li class="list-group-item">Google Adwords experience</li>
                                    <li class="list-group-item">Strong analytical skills</li>
                                </ul>
                            </div>
                        </div>
                    </div>
                </div>
            </section>
            <!-- What's great -->
            <section class="pt40">
                <div class="container">
                    <h2>What's great in the job?</h2>
                    <br/>
                    <div class="row">
                        <div class="col-lg-8 pb40">
                            <ul class="lead">
                                <li>Great team of smart people, in a friendly and open culture</li>
                                <li>No dumb managers, no stupid tools to use, no rigid working hours</li>
                                <li>No waste of time in enterprise processes, real responsibilities and autonomy</li>
                                <li>Expand your knowledge of various business industries</li>
                                <li>Create content that will help our users on a daily basis</li>
                                <li>Real responsibilities and challenges in a fast evolving company</li>
                            </ul>
                        </div>
                        <div class="col-lg-3 offset-lg-1 pb40">
                            <div>
                                <h5>Our Product</h5>
                                <p>Discover our products.</p>
                                <p><a href="/" class="btn btn-outline-primary" target="_blank"><small><b>READ</b></small></a></p>
                            </div>
                        </div>
                    </div>
                </div>
            </section>
            <!-- What we offer -->
            <section class="s_features pt40 pb40 bg-200" data-name="Features" data-snippet="s_features">
                <div class="container">
                    <h2>What We Offer</h2>
                    <br/>
                    <p class="lead">
                        Each employee has a chance to see the impact of his work.
                        You can make a real contribution to the success of the company.
                        <br/>
                        Several activities are often organized all over the year, such as weekly
                        sports sessions, team building events, monthly drink, and much more
                    </p>
                    <div class="row pt16">
                        <div class="col-lg-3 text-center pt16 pb32">
                            <i class="fa fa-2x fa-gift rounded-circle bg-primary m-3"></i>
                            <h3>Perks</h3>
                            <p>A full-time position <br/>Attractive salary package.</p>
                        </div>
                        <div class="col-lg-3 text-center pt16 pb32">
                            <i class="fa fa-2x fa-bar-chart rounded-circle bg-primary m-3"></i>
                            <h3>Trainings</h3>
                            <p>12 days / year, including <br/>6 of your choice.</p>
                        </div>
                        <div class="col-lg-3 text-center pt16 pb32">
                            <i class="fa fa-2x fa-futbol-o rounded-circle bg-primary m-3"></i>
                            <h3>Sport Activity</h3>
                            <p>Play any sport with colleagues, <br/>the bill is covered.</p>
                        </div>
                        <div class="col-lg-3 text-center pt16 pb32">
                            <i class="fa fa-2x fa-coffee rounded-circle bg-primary m-3"></i>
                            <h3>Eat &amp; Drink</h3>
                            <p>Fruit, coffee and <br/>snacks provided.</p>
                        </div>
                    </div>
                </div>
            </section>
            <!-- Photos -->
            <section class="pt24 pb16">
                <div class="container">
                    <div class="row">
                        <div class="col-md-12 col-lg-6 mt16 mb16">
                            <img alt="" class="img img-fluid" src="/website_hr_recruitment/static/src/img/job_image_3.jpg"/>
                        </div>
                        <div class="col-md-6 col-lg-3 mt16 mb16">
                            <img alt="" class="img img-fluid" src="/website_hr_recruitment/static/src/img/job_image_2.jpg"/>
                        </div>
                        <div class="col-md-6 col-lg-3 mt16 mb16">
                            <img alt="" class="img img-fluid" src="/website_hr_recruitment/static/src/img/job_image_4.jpg"/>
                        </div>
                    </div>
                    <div class="row">
                        <div class="col-md-6 col-lg-3 mt16 mb16">
                            <img alt="" class="img img-fluid" src="/website_hr_recruitment/static/src/img/job_image_6.jpg"/>
                        </div>
                        <div class="col-md-6 col-lg-3 mt16 mb16">
                            <img alt="" class="img img-fluid" src="/website_hr_recruitment/static/src/img/job_image_5.jpg"/>
                        </div>
                        <div class="col-md-12 col-lg-6 mt16 mb16">
                            <img alt="" class="img img-fluid" src="/website_hr_recruitment/static/src/img/job_image_1.jpg"/>
                        </div>
                    </div>
                </div>
            </section>
        </field>
    </record>

    <record id="hr.job_trainee" model="hr.job">
        <field name="website_description" type="html">
            <!-- Description text and ratings -->
            <section class="pt32">
                <div class="container">
                    <div class="row">
                        <div class="col-lg-8 pb32">
                            <p class="lead">
                                As an employee of our company, you will <b>collaborate with each department to create and deploy
                                disruptive products.</b> Come work at a growing company that offers great benefits with opportunities to
                                moving forward and learn alongside accomplished leaders. We're seeking an experienced and outstanding member of staff.
                                <br/><br/>
                                This position is both <b>creative and rigorous</b> by nature you need to think outside the box.
                                We expect the candidate to be proactive and have a "get it done" spirit. To be successful,
                                you will have solid solving problem skills.
                            </p>
                        </div>
                        <div class="col-lg-3 offset-lg-1 pb32">
                            <div class="s_rating pb8" data-vcss="001" data-icon="fa-star" data-snippet="s_rating">
                                <h6 class="s_rating_title">Customer Relationship</h6>
                                <div class="s_rating_icons o_not_editable">
                                    <span class="s_rating_active_icons text-primary">
                                        <i class="fa fa-star"/>
                                        <i class="fa fa-star"/>
                                        <i class="fa fa-star"/>
                                        <i class="fa fa-star"/>
                                        <i class="fa fa-star"/>
                                    </span>
                                    <span class="s_rating_inactive_icons text-primary">
                                    </span>
                                </div>
                            </div>
                            <div class="s_rating pb8" data-vcss="001" data-icon="fa-star" data-snippet="s_rating">
                                <h6 class="s_rating_title">Personal Evolution</h6>
                                <div class="s_rating_icons o_not_editable">
                                    <span class="s_rating_active_icons text-primary">
                                        <i class="fa fa-star"/>
                                        <i class="fa fa-star"/>
                                        <i class="fa fa-star"/>
                                        <i class="fa fa-star"/>
                                        <i class="fa fa-star"/>
                                    </span>
                                    <span class="s_rating_inactive_icons text-primary">
                                    </span>
                                </div>
                            </div>
                            <div class="s_rating pb8" data-vcss="001" data-icon="fa-star" data-snippet="s_rating">
                                <h6 class="s_rating_title">Autonomy</h6>
                                <div class="s_rating_icons o_not_editable">
                                    <span class="s_rating_active_icons text-primary">
                                        <i class="fa fa-star"/>
                                        <i class="fa fa-star"/>
                                        <i class="fa fa-star"/>
                                        <i class="fa fa-star"/>
                                    </span>
                                    <span class="s_rating_inactive_icons text-primary">
                                        <i class="fa fa-star-o"/>
                                    </span>
                                </div>
                            </div>
                            <div class="s_rating pb8" data-vcss="001" data-icon="fa-star" data-snippet="s_rating">
                                <h6 class="s_rating_title">Administrative Work</h6>
                                <div class="s_rating_icons o_not_editable">
                                    <span class="s_rating_active_icons text-primary">
                                        <i class="fa fa-star"/>
                                        <i class="fa fa-star"/>
                                    </span>
                                    <span class="s_rating_inactive_icons text-primary">
                                        <i class="fa fa-star-o"/>
                                        <i class="fa fa-star-o"/>
                                        <i class="fa fa-star-o"/>
                                    </span>
                                </div>
                            </div>
                            <div class="s_rating pb8" data-vcss="001" data-icon="fa-star" data-snippet="s_rating">
                                <h6 class="s_rating_title">Technical Expertise</h6>
                                <div class="s_rating_icons o_not_editable">
                                    <span class="s_rating_active_icons text-primary">
                                        <i class="fa fa-star"/>
                                        <i class="fa fa-star"/>
                                        <i class="fa fa-star"/>
                                        <i class="fa fa-star"/>
                                        <i class="fa fa-star"/>
                                    </span>
                                    <span class="s_rating_inactive_icons text-primary">
                                    </span>
                                </div>
                            </div>
                        </div>
                    </div>
                </div>
            </section>
            <!-- Responsabilities, Must Have and Nice to have -->
            <section class="s_comparisons pt24 pb24 bg-200" data-snippet="s_comparisons">
                <div class="container">
                    <div class="row">
                        <div class="col-lg-4 s_col_no_bgcolor pt16 pb16" data-name="Box">
                            <div class="card bg-primary">
                                <h4 class="card-header">Responsibilities</h4>
                                <ul class="list-group list-group-flush">
                                    <li class="list-group-item">Lead the entire sales cycle</li>
                                    <li class="list-group-item">Achieve monthly sales objectives</li>
                                    <li class="list-group-item">Qualify the customer needs</li>
                                    <li class="list-group-item">Negotiate and contract</li>
                                    <li class="list-group-item">Master demos of our software</li>
                                </ul>
                            </div>
                        </div>
                        <div class="col-lg-4 s_col_no_bgcolor pt16 pb16" data-name="Box">
                            <div class="card bg-primary">
                                <h4 class="card-header">Must Have</h4>
                                <ul class="list-group list-group-flush">
                                    <li class="list-group-item">Bachelor Degree or Higher</li>
                                    <li class="list-group-item">Passion for software products</li>
                                    <li class="list-group-item">Perfect written English</li>
                                    <li class="list-group-item">Highly creative and autonomous</li>
                                    <li class="list-group-item">Valid work permit for Belgium</li>
                                </ul>
                            </div>
                        </div>
                        <div class="col-lg-4 s_col_no_bgcolor pt16 pb16" data-name="Box">
                            <div class="card bg-primary">
                                <h4 class="card-header">Nice to have</h4>
                                <ul class="list-group list-group-flush">
                                    <li class="list-group-item">Experience in writing online content</li>
                                    <li class="list-group-item">Additional languages</li>
                                    <li class="list-group-item">Google Adwords experience</li>
                                    <li class="list-group-item">Strong analytical skills</li>
                                </ul>
                            </div>
                        </div>
                    </div>
                </div>
            </section>
            <!-- What's great -->
            <section class="pt40">
                <div class="container">
                    <h2>What's great in the job?</h2>
                    <br/>
                    <div class="row">
                        <div class="col-lg-8 pb40">
                            <ul class="lead">
                                <li>Great team of smart people, in a friendly and open culture</li>
                                <li>No dumb managers, no stupid tools to use, no rigid working hours</li>
                                <li>No waste of time in enterprise processes, real responsibilities and autonomy</li>
                                <li>Expand your knowledge of various business industries</li>
                                <li>Create content that will help our users on a daily basis</li>
                                <li>Real responsibilities and challenges in a fast evolving company</li>
                            </ul>
                        </div>
                        <div class="col-lg-3 offset-lg-1 pb40">
                            <div>
                                <h5>Our Product</h5>
                                <p>Discover our products.</p>
                                <p><a href="/" class="btn btn-outline-primary" target="_blank"><small><b>READ</b></small></a></p>
                            </div>
                        </div>
                    </div>
                </div>
            </section>
            <!-- What we offer -->
            <section class="s_features pt40 pb40 bg-200" data-name="Features" data-snippet="s_features">
                <div class="container">
                    <h2>What We Offer</h2>
                    <br/>
                    <p class="lead">
                        Each employee has a chance to see the impact of his work.
                        You can make a real contribution to the success of the company.
                        <br/>
                        Several activities are often organized all over the year, such as weekly
                        sports sessions, team building events, monthly drink, and much more
                    </p>
                    <div class="row pt16">
                        <div class="col-lg-3 text-center pt16 pb32">
                            <i class="fa fa-2x fa-gift rounded-circle bg-primary m-3"></i>
                            <h3>Perks</h3>
                            <p>A full-time position <br/>Attractive salary package.</p>
                        </div>
                        <div class="col-lg-3 text-center pt16 pb32">
                            <i class="fa fa-2x fa-bar-chart rounded-circle bg-primary m-3"></i>
                            <h3>Trainings</h3>
                            <p>12 days / year, including <br/>6 of your choice.</p>
                        </div>
                        <div class="col-lg-3 text-center pt16 pb32">
                            <i class="fa fa-2x fa-futbol-o rounded-circle bg-primary m-3"></i>
                            <h3>Sport Activity</h3>
                            <p>Play any sport with colleagues, <br/>the bill is covered.</p>
                        </div>
                        <div class="col-lg-3 text-center pt16 pb32">
                            <i class="fa fa-2x fa-coffee rounded-circle bg-primary m-3"></i>
                            <h3>Eat &amp; Drink</h3>
                            <p>Fruit, coffee and <br/>snacks provided.</p>
                        </div>
                    </div>
                </div>
            </section>
            <!-- Photos -->
            <section class="pt24 pb16">
                <div class="container">
                    <div class="row">
                        <div class="col-md-12 col-lg-6 mt16 mb16">
                            <img alt="" class="img img-fluid" src="/website_hr_recruitment/static/src/img/job_image_3.jpg"/>
                        </div>
                        <div class="col-md-6 col-lg-3 mt16 mb16">
                            <img alt="" class="img img-fluid" src="/website_hr_recruitment/static/src/img/job_image_2.jpg"/>
                        </div>
                        <div class="col-md-6 col-lg-3 mt16 mb16">
                            <img alt="" class="img img-fluid" src="/website_hr_recruitment/static/src/img/job_image_4.jpg"/>
                        </div>
                    </div>
                    <div class="row">
                        <div class="col-md-6 col-lg-3 mt16 mb16">
                            <img alt="" class="img img-fluid" src="/website_hr_recruitment/static/src/img/job_image_6.jpg"/>
                        </div>
                        <div class="col-md-6 col-lg-3 mt16 mb16">
                            <img alt="" class="img img-fluid" src="/website_hr_recruitment/static/src/img/job_image_5.jpg"/>
                        </div>
                        <div class="col-md-12 col-lg-6 mt16 mb16">
                            <img alt="" class="img img-fluid" src="/website_hr_recruitment/static/src/img/job_image_1.jpg"/>
                        </div>
                    </div>
                </div>
            </section>
        </field>
    </record>

    <record id="hr.job_hrm" model="hr.job">
        <field name="website_description" type="html">
            <!-- Description text and ratings -->
            <section class="pt32">
                <div class="container">
                    <div class="row">
                        <div class="col-lg-8 pb32">
                            <p class="lead">
                                As an employee of our company, you will <b>collaborate with each department to create and deploy
                                disruptive products.</b> Come work at a growing company that offers great benefits with opportunities to
                                moving forward and learn alongside accomplished leaders. We're seeking an experienced and outstanding member of staff.
                                <br/><br/>
                                This position is both <b>creative and rigorous</b> by nature you need to think outside the box.
                                We expect the candidate to be proactive and have a "get it done" spirit. To be successful,
                                you will have solid solving problem skills.
                            </p>
                        </div>
                        <div class="col-lg-3 offset-lg-1 pb32">
                            <div class="s_rating pb8" data-vcss="001" data-icon="fa-star" data-snippet="s_rating">
                                <h6 class="s_rating_title">Customer Relationship</h6>
                                <div class="s_rating_icons o_not_editable">
                                    <span class="s_rating_active_icons text-primary">
                                        <i class="fa fa-star"/>
                                        <i class="fa fa-star"/>
                                        <i class="fa fa-star"/>
                                        <i class="fa fa-star"/>
                                        <i class="fa fa-star"/>
                                    </span>
                                    <span class="s_rating_inactive_icons text-primary">
                                    </span>
                                </div>
                            </div>
                            <div class="s_rating pb8" data-vcss="001" data-icon="fa-star" data-snippet="s_rating">
                                <h6 class="s_rating_title">Personal Evolution</h6>
                                <div class="s_rating_icons o_not_editable">
                                    <span class="s_rating_active_icons text-primary">
                                        <i class="fa fa-star"/>
                                        <i class="fa fa-star"/>
                                        <i class="fa fa-star"/>
                                        <i class="fa fa-star"/>
                                        <i class="fa fa-star"/>
                                    </span>
                                    <span class="s_rating_inactive_icons text-primary">
                                    </span>
                                </div>
                            </div>
                            <div class="s_rating pb8" data-vcss="001" data-icon="fa-star" data-snippet="s_rating">
                                <h6 class="s_rating_title">Autonomy</h6>
                                <div class="s_rating_icons o_not_editable">
                                    <span class="s_rating_active_icons text-primary">
                                        <i class="fa fa-star"/>
                                        <i class="fa fa-star"/>
                                        <i class="fa fa-star"/>
                                        <i class="fa fa-star"/>
                                    </span>
                                    <span class="s_rating_inactive_icons text-primary">
                                        <i class="fa fa-star-o"/>
                                    </span>
                                </div>
                            </div>
                            <div class="s_rating pb8" data-vcss="001" data-icon="fa-star" data-snippet="s_rating">
                                <h6 class="s_rating_title">Administrative Work</h6>
                                <div class="s_rating_icons o_not_editable">
                                    <span class="s_rating_active_icons text-primary">
                                        <i class="fa fa-star"/>
                                        <i class="fa fa-star"/>
                                    </span>
                                    <span class="s_rating_inactive_icons text-primary">
                                        <i class="fa fa-star-o"/>
                                        <i class="fa fa-star-o"/>
                                        <i class="fa fa-star-o"/>
                                    </span>
                                </div>
                            </div>
                            <div class="s_rating pb8" data-vcss="001" data-icon="fa-star" data-snippet="s_rating">
                                <h6 class="s_rating_title">Technical Expertise</h6>
                                <div class="s_rating_icons o_not_editable">
                                    <span class="s_rating_active_icons text-primary">
                                        <i class="fa fa-star"/>
                                        <i class="fa fa-star"/>
                                        <i class="fa fa-star"/>
                                        <i class="fa fa-star"/>
                                        <i class="fa fa-star"/>
                                    </span>
                                    <span class="s_rating_inactive_icons text-primary">
                                    </span>
                                </div>
                            </div>
                        </div>
                    </div>
                </div>
            </section>
            <!-- Responsabilities, Must Have and Nice to have -->
            <section class="s_comparisons pt24 pb24 bg-200" data-snippet="s_comparisons">
                <div class="container">
                    <div class="row">
                        <div class="col-lg-4 s_col_no_bgcolor pt16 pb16" data-name="Box">
                            <div class="card bg-primary">
                                <h4 class="card-header">Responsibilities</h4>
                                <ul class="list-group list-group-flush">
                                    <li class="list-group-item">Lead the entire sales cycle</li>
                                    <li class="list-group-item">Achieve monthly sales objectives</li>
                                    <li class="list-group-item">Qualify the customer needs</li>
                                    <li class="list-group-item">Negotiate and contract</li>
                                    <li class="list-group-item">Master demos of our software</li>
                                </ul>
                            </div>
                        </div>
                        <div class="col-lg-4 s_col_no_bgcolor pt16 pb16" data-name="Box">
                            <div class="card bg-primary">
                                <h4 class="card-header">Must Have</h4>
                                <ul class="list-group list-group-flush">
                                    <li class="list-group-item">Bachelor Degree or Higher</li>
                                    <li class="list-group-item">Passion for software products</li>
                                    <li class="list-group-item">Perfect written English</li>
                                    <li class="list-group-item">Highly creative and autonomous</li>
                                    <li class="list-group-item">Valid work permit for Belgium</li>
                                </ul>
                            </div>
                        </div>
                        <div class="col-lg-4 s_col_no_bgcolor pt16 pb16" data-name="Box">
                            <div class="card bg-primary">
                                <h4 class="card-header">Nice to have</h4>
                                <ul class="list-group list-group-flush">
                                    <li class="list-group-item">Experience in writing online content</li>
                                    <li class="list-group-item">Additional languages</li>
                                    <li class="list-group-item">Google Adwords experience</li>
                                    <li class="list-group-item">Strong analytical skills</li>
                                </ul>
                            </div>
                        </div>
                    </div>
                </div>
            </section>
            <!-- What's great -->
            <section class="pt40">
                <div class="container">
                    <h2>What's great in the job?</h2>
                    <br/>
                    <div class="row">
                        <div class="col-lg-8 pb40">
                            <ul class="lead">
                                <li>Great team of smart people, in a friendly and open culture</li>
                                <li>No dumb managers, no stupid tools to use, no rigid working hours</li>
                                <li>No waste of time in enterprise processes, real responsibilities and autonomy</li>
                                <li>Expand your knowledge of various business industries</li>
                                <li>Create content that will help our users on a daily basis</li>
                                <li>Real responsibilities and challenges in a fast evolving company</li>
                            </ul>
                        </div>
                        <div class="col-lg-3 offset-lg-1 pb40">
                            <div>
                                <h5>Our Product</h5>
                                <p>Discover our products.</p>
                                <p><a href="/" class="btn btn-outline-primary" target="_blank"><small><b>READ</b></small></a></p>
                            </div>
                        </div>
                    </div>
                </div>
            </section>
            <!-- What we offer -->
            <section class="s_features pt40 pb40 bg-200" data-name="Features" data-snippet="s_features">
                <div class="container">
                    <h2>What We Offer</h2>
                    <br/>
                    <p class="lead">
                        Each employee has a chance to see the impact of his work.
                        You can make a real contribution to the success of the company.
                        <br/>
                        Several activities are often organized all over the year, such as weekly
                        sports sessions, team building events, monthly drink, and much more
                    </p>
                    <div class="row pt16">
                        <div class="col-lg-3 text-center pt16 pb32">
                            <i class="fa fa-2x fa-gift rounded-circle bg-primary m-3"></i>
                            <h3>Perks</h3>
                            <p>A full-time position <br/>Attractive salary package.</p>
                        </div>
                        <div class="col-lg-3 text-center pt16 pb32">
                            <i class="fa fa-2x fa-bar-chart rounded-circle bg-primary m-3"></i>
                            <h3>Trainings</h3>
                            <p>12 days / year, including <br/>6 of your choice.</p>
                        </div>
                        <div class="col-lg-3 text-center pt16 pb32">
                            <i class="fa fa-2x fa-futbol-o rounded-circle bg-primary m-3"></i>
                            <h3>Sport Activity</h3>
                            <p>Play any sport with colleagues, <br/>the bill is covered.</p>
                        </div>
                        <div class="col-lg-3 text-center pt16 pb32">
                            <i class="fa fa-2x fa-coffee rounded-circle bg-primary m-3"></i>
                            <h3>Eat &amp; Drink</h3>
                            <p>Fruit, coffee and <br/>snacks provided.</p>
                        </div>
                    </div>
                </div>
            </section>
            <!-- Photos -->
            <section class="pt24 pb16">
                <div class="container">
                    <div class="row">
                        <div class="col-md-12 col-lg-6 mt16 mb16">
                            <img alt="" class="img img-fluid" src="/website_hr_recruitment/static/src/img/job_image_3.jpg"/>
                        </div>
                        <div class="col-md-6 col-lg-3 mt16 mb16">
                            <img alt="" class="img img-fluid" src="/website_hr_recruitment/static/src/img/job_image_2.jpg"/>
                        </div>
                        <div class="col-md-6 col-lg-3 mt16 mb16">
                            <img alt="" class="img img-fluid" src="/website_hr_recruitment/static/src/img/job_image_4.jpg"/>
                        </div>
                    </div>
                    <div class="row">
                        <div class="col-md-6 col-lg-3 mt16 mb16">
                            <img alt="" class="img img-fluid" src="/website_hr_recruitment/static/src/img/job_image_6.jpg"/>
                        </div>
                        <div class="col-md-6 col-lg-3 mt16 mb16">
                            <img alt="" class="img img-fluid" src="/website_hr_recruitment/static/src/img/job_image_5.jpg"/>
                        </div>
                        <div class="col-md-12 col-lg-6 mt16 mb16">
                            <img alt="" class="img img-fluid" src="/website_hr_recruitment/static/src/img/job_image_1.jpg"/>
                        </div>
                    </div>
                </div>
            </section>
        </field>
    </record>

</odoo>
