<?xml version="1.0" encoding="utf-8"?>
<odoo>
        <menuitem id="account_reports_lu_statements_menu" name="Luxembourg" parent="account.menu_finance_reports" sequence="0" groups="account.group_account_readonly"/>

        <record id="lu_2011_chart_1" model="account.chart.template">
            <field name="name">PCMN Luxembourg</field>
            <field name="bank_account_code_prefix">513</field>
            <field name="cash_account_code_prefix">516</field>
            <field name="transfer_account_code_prefix">517</field>
            <field name="code_digits">6</field>
            <field name="currency_id" ref="base.EUR"/>
            <field name="spoken_languages" eval="'fr_FR;fr_BE;de_DE'"/>
            <field name="country_id" ref="base.lu"/>
        </record>
</odoo>
