id,name,model_id:id,group_id:id,perm_read,perm_write,perm_create,perm_unlink
blog_blog_all,blog.blog,model_blog_blog,,1,0,0,0
blog_blog,blog.blog,model_blog_blog,website.group_website_designer,1,1,1,1
blog_post_all,blog.post,model_blog_post,,1,0,0,0
blog_post,blog.post,model_blog_post,website.group_website_designer,1,1,1,1
blog_tag,blog.tag,model_blog_tag,,1,0,0,0
blog_tag_edition,blog.tag,model_blog_tag,website.group_website_designer,1,1,1,1
blog_tag_category_all,blog.tag.category,model_blog_tag_category,,1,0,0,0
blog_tag_category,blog.tag.category,model_blog_tag_category,website.group_website_designer,1,1,1,1
