id,name,model_id:id,group_id:id,perm_read,perm_write,perm_create,perm_unlink
access_event_crm_registration,event.lead.rule.user,model_event_lead_rule,event.group_event_registration_desk,1,0,0,0
access_event_crm_user,event.lead.rule.user,model_event_lead_rule,event.group_event_user,1,0,0,0
access_event_crm_manager,event.lead.rule.manager,model_event_lead_rule,event.group_event_manager,1,1,1,1
access_event_crm_salesman,event.lead.rule.salesman,model_event_lead_rule,sales_team.group_sale_salesman,1,0,0,0
