id,name,model_id:id,group_id:id,perm_read,perm_write,perm_create,perm_unlink
access_event_sponsor_type_manager,access.event.sponsor.type.manager,model_event_sponsor_type,event.group_event_manager,1,1,1,1
access_event_sponsor_type_public,access.event.sponsor.type.public,model_event_sponsor_type,,1,0,0,0
access_event_sponsor_manager,access.event.sponsor.manager,model_event_sponsor,event.group_event_manager,1,1,1,1
access_event_sponsor_public,access.event.sponsor.public,model_event_sponsor,,1,0,0,0
chat_room_access_event_manager,chat.room.access.event.manager,website_jitsi.model_chat_room,event.group_event_manager,1,1,1,1
