<?xml version="1.0" encoding="UTF-8"?>
<templates xml:space="preserve">

  <t t-name="web_enterprise.BurgerUserMenu" owl="1">
    <div class="o_user_menu_mobile mt-2">
      <t t-foreach="getElements()" t-as="element" t-key="element_index">
          <t t-if="!element.hide">
              <t t-if="element.type == 'item'">
                <a t-att-class="'dropdown-item'" t-att-href="element.href or ''" t-esc="element.description" t-on-click.stop.prevent="_onItemClicked(element.callback)"/>
              </t>
              <div t-if="element.type == 'separator'" role="separator" class="dropdown-divider"/>
          </t>
      </t>
    </div>
  </t>

</templates>
