id,name,model_id:id,group_id:id,perm_read,perm_write,perm_create,perm_unlink
access_product_template_event_manager,product.template.event.manager,product.model_product_template,event.group_event_manager,1,1,1,1
access_product_product_event_manager,product.product.event.manager,product.model_product_product,event.group_event_manager,1,1,1,1
access_registration_editor,access.registration.editor,model_registration_editor,sales_team.group_sale_salesman,1,1,1,0
access_registration_editor_line,access.registration.editor.line,model_registration_editor_line,sales_team.group_sale_salesman,1,1,1,1
access_event_event_configurator,access.event.event.configurator,model_event_event_configurator,sales_team.group_sale_salesman,1,1,1,0
