<?xml version="1.0"?>
<odoo>
    <data noupdate="1">

        <!-- filter demo -->
        <record id="filter_partner" model="ir.filters">
            <field name="name">Customer</field>
            <field name="model_id">res.partner</field>
            <field name="user_id" eval="False" />
        </record>

        <!-- template demo -->
        <record id="template_partner" model="google.drive.config">
            <field name="name">Partner Review</field>
            <field name="model_id" ref="base.model_res_partner"/>
            <field name="filter_id" ref="filter_partner"/>
            <field name="google_drive_template_url">https://docs.google.com/spreadsheet/ccc?key=1eIM-q7PX9wp1vEUUdUvrmAe8V3Do60vXDETulNmI9mA#gid=0</field>
            <field name="name_template">Partner Review %(name)s</field>
        </record>

    </data>
</odoo>
