<?xml version="1.0" encoding="utf-8"?>
<odoo>
        <!-- UTM Stage -->
        <!-- This one is kept in data instead of demo to avoid crashing if the user starts creating campaigns
        before stages have been created, as they are mandatory -->
        <record id="default_utm_stage" model="utm.stage">
            <field name="name">New</field>
            <field name="sequence">10</field>
        </record>

        <!-- UTM Source -->
        <record model="utm.source" id="utm_source_search_engine">
            <field name="name">Search engine</field>
        </record>
        <record model="utm.source" id="utm_source_mailing">
            <field name="name">Lead Recall</field>
        </record>
        <record model="utm.source" id="utm_source_newsletter">
            <field name="name">Newsletter</field>
        </record>
        <record model="utm.source" id="utm_source_facebook">
            <field name="name">Facebook</field>
        </record>
        <record model="utm.source" id="utm_source_twitter">
            <field name="name">Twitter</field>
        </record>
        <record model="utm.source" id="utm_source_linkedin">
            <field name="name">LinkedIn</field>
        </record>
        <record model="utm.source" id="utm_source_monster">
            <field name="name">Monster</field>
        </record>
        <record model="utm.source" id="utm_source_glassdoor">
            <field name="name">Glassdoor</field>
        </record>
        <record model="utm.source" id="utm_source_craigslist">
            <field name="name">Craigslist</field>
        </record>

        <!-- UTM Medium -->
        <record model="utm.medium" id="utm_medium_website">
            <field name="name">Website</field>
        </record>
        <record model="utm.medium" id="utm_medium_phone">
            <field name="name">Phone</field>
        </record>
        <record model="utm.medium" id="utm_medium_direct">
            <field name="name">Direct</field>
        </record>
        <record model="utm.medium" id="utm_medium_email">
            <field name="name">Email</field>
        </record>
        <record model="utm.medium" id="utm_medium_banner">
            <field name="name">Banner</field>
        </record>
        <record model="utm.medium" id="utm_medium_twitter">
            <field name="name">Twitter</field>
        </record>
        <record model="utm.medium" id="utm_medium_facebook">
            <field name="name">Facebook</field>
        </record>
        <record model="utm.medium" id="utm_medium_linkedin">
            <field name="name">LinkedIn</field>
        </record>
        <record model="utm.medium" id="utm_medium_television">
            <field name="name">Television</field>
        </record>
        <record model="utm.medium" id="utm_medium_google_adwords">
            <field name="name">Google Adwords</field>
        </record>

        <!-- UTM Tag -->
        <record id="utm_tag_1" model="utm.tag">
            <field name="name">Marketing</field>
            <field name="color" eval="1"/>
        </record>
</odoo>
