<?xml version="1.0" encoding="utf-8"?>
<odoo>

    <data noupdate="1">

        <record id="access_account_analytic_line_portal_user" model="ir.model.access">
            <field name="name">analytic.account.analytic.line.timesheet.portal.user</field>
            <field name="model_id" ref="analytic.model_account_analytic_line"/>
            <field name="group_id" ref="base.group_portal"/>
            <field name="active">0</field>
            <field name="perm_read">1</field>
            <field name="perm_write">0</field>
            <field name="perm_create">0</field>
            <field name="perm_unlink">0</field>
        </record>

    </data>

</odoo>
