<?xml version="1.0" encoding="UTF-8"?>
<templates xml:space="preserve">
    <t t-name="website_event.event_create_dialog">
        <form id="editor_new_event" style="overflow:visible;">
            <div class="form-group row" id="name">
                <label for="name" class="col-md-2 col-form-label">Event Name</label>
                <div class="col-md-10">
                    <input type="text" name="name" class="form-control" required="required"/>
                </div>
                <p class="text-danger mt-1 mb-0 col-md-8 d-none">Please fill in this field</p>
            </div>
            <div class="form-group row">
                <label class="col-form-label col-md-2" for="event_location">Location</label>
                <div class="col-md-10">
                    <select class="form-control" id="event_location" name="event_location">
                        <option value="online">Online</option>
                        <option value="on_site">On Site</option>
                    </select>
                </div>
            </div>
            <div class="form-group row d-none show_visibility_address" id="address">
                <label class="col-form-label col-md-2" for="address_id">Venue</label>
                <div class="col-md-10">
                    <input type="text" class="form-control o_wevent_js_address_id" name="address_id" placeholder="Select Venue"/>
                </div>
                <p class="text-danger mt-1 mb-0 col-md-8 d-none">Please fill in this field</p>
            </div>
            <div class="form-group row d-flex justify-content-between align-items-center" id="event_dates">
                <label class="col-form-label col-md-2" for="event_start_end">Start &#8594; End</label>
                <div class="col-md-10 s_website_form_datetime input-group date o_wevent_form_datetime" data-target-input="nearest">
                    <input type="text" name="event_start_end" class="form-control daterange-input bg-transparent text-dark rounded-0 p-1"/>
                </div>
                <p class="text-danger mt-1 col-md-8 d-none">Please fill in this field</p>
            </div>
        </form>
    </t>
</templates>
