<odoo>
    <!-- Quality Control From Manufacturing -->

    <record id="quality_point_pass_fail" model="quality.point">
        <field name="product_ids" eval="[(4, ref('mrp.product_product_computer_desk'))]"/>
        <field name="picking_type_ids" model="stock.warehouse" eval="[(4, obj().env.ref('stock.warehouse0').manu_type_id.id)]"/>
        <field name="operation_id" ref="mrp.mrp_routing_workcenter_5"/>
        <field name="test_type_id" ref="quality_control.test_type_passfail"/>
        <field name="note">Check the fastenings are in good condition.</field>
        <field name="title">Quality check</field>
        <field name="worksheet">scroll</field>
        <field name="worksheet_page">2</field>
        <field name="sequence">4</field>
    </record>

    <record id="quality_point_measure" model="quality.point">
        <field name="product_ids" eval="[(4, ref('mrp.product_product_computer_desk'))]"/>
        <field name="picking_type_ids" model="stock.warehouse" eval="[(4, obj().env.ref('stock.warehouse0').manu_type_id.id)]"/>
        <field name="operation_id" ref="mrp.mrp_routing_workcenter_5"/>
        <field name="test_type_id" ref="quality_control.test_type_measure"/>
        <field name="note">Please measure the angle formed by the two adjacent wooden panels at the bottom left-hand corner.</field>
        <field name="norm">90</field>
        <field name="norm_unit">degrees</field>
        <field name="tolerance_min">88</field>
        <field name="tolerance_max">92</field>
        <field name="title">Measure the Angle</field>
        <field name="worksheet">scroll</field>
        <field name="worksheet_page">3</field>
        <field name="failure_message">The test has failed: the measure should be between 88 and 92 degrees.</field>
        <field name="sequence">5</field>
    </record>

</odoo>
