<?xml version="1.0" encoding="UTF-8"?>
<templates>
    <t t-inherit="calendar.CalendarView" t-inherit-mode="extension">
        <xpath expr="//div[@id='calendar_sync']" position="inside">
            <button type="button" id="google_sync_pending" class="o_google_sync_button o_google_sync_pending btn btn-secondary btn">
                <b><i class='fa fa-refresh'/> Google</b>
            </button>
            <button type="button" id="google_sync_configured" class="mr-1 o_google_sync_button o_google_sync_button_configured btn badge-primary">
                <b>
                    <i id="google_check" class='fa fa-check'/>
                    <i id="google_stop" class='fa fa-times' style="display: none"/>&amp;nbsp;Google
                </b>
            </button>
        </xpath>
    </t>
</templates>
