<?xml version="1.0" encoding="utf-8"?>
<odoo noupdate="1">

    <record id="ir_cron_load_xsd_file" model="ir.cron">
        <field name="name">Load XSD File (Lithuania SAFT)</field>
        <field name="model_id" ref="base.model_ir_attachment" />
        <!-- Highest priority at time of module install. -->
        <field name="priority" eval="0"/>
        <field name="state">code</field>
        <field name="code">model._load_xsd_saft(url='https://www.vmi.lt/evmi/documents/20142/725548/SAF-T_v2.01_20190306.xsd', module_name='l10n_lt_saft')</field>
        <!-- Setting `nextcall` date relatively old to make sure this cron runs right after module installation finishes. -->
        <field name="nextcall" eval="(DateTime.now() + relativedelta(years=-1)).strftime('%Y-%m-%d %H:%M:%S')"/>
    </record>

</odoo>
