id,sequence,code,name,l10n_ar_letter,report_name,internal_type,doc_code_prefix,country_id/id,purchase_aliquots
dc_a_f,10,1,FACTURAS A,A,FACTURA,invoice,FA-A,base.ar,not_zero
dc_a_nd,20,2,NOTAS DE DEBITO A,A,NOTA DE DEBITO,debit_note,ND-A,base.ar,not_zero
dc_a_nc,30,3,NOTAS DE CREDITO A,A,NOTA DE CREDITO,credit_note,NC-A,base.ar,not_zero
dc_a_r,40,4,RECIBOS A,A,RECIBO,invoice,RE-A,base.ar,not_zero
dc_a_nvc,50,5,NOTAS DE VENTA AL CONTADO A,A,,invoice,NVC-A,base.ar,not_zero
dc_b_f,60,6,FACTURAS B,B,FACTURA,invoice,FA-B,base.ar,zero
dc_b_nd,70,7,NOTAS DE DEBITO B,B,NOTA DE DEBITO,debit_note,ND-B,base.ar,zero
dc_b_nc,80,8,NOTAS DE CREDITO B,B,NOTA DE CREDITO,credit_note,NC-B,base.ar,zero
dc_b_r,90,9,RECIBOS B,B,RECIBO,invoice,RE-B,base.ar,zero
dc_b_nvc,100,10,NOTAS DE VENTA AL CONTADO B,B,,invoice,NVC-B,base.ar,zero
dc_c_f,110,11,FACTURAS C,C,FACTURA,invoice,FA-C,base.ar,zero
dc_c_nd,120,12,NOTAS DE DEBITO C,C,NOTA DE DEBITO,debit_note,ND-C,base.ar,zero
dc_c_nc,130,13,NOTAS DE CREDITO C,C,NOTA DE CREDITO,credit_note,NC-C,base.ar,zero
dc_aduana,140,14,DOCUMENTO ADUANERO,,,,,base.ar,
dc_c_r,150,15,RECIBOS C,C,RECIBO,invoice,RE-C,base.ar,zero
dc_c_nvc,160,16,NOTAS DE VENTA AL CONTADO C,C,,invoice,NVC-C,base.ar,zero
dc_e_f,170,19,FACTURAS DE EXPORTACION,E,FACTURA,invoice,FA-E,base.ar,not_zero
dc_e_nd,180,20,NOTAS DE DEBITO POR OPERACIONES CON EL EXTERIOR,E,NOTA DE DEBITO,debit_note,ND-E,base.ar,not_zero
dc_e_nc,190,21,NOTAS DE CREDITO POR OPERACIONES CON EL EXTERIOR,E,NOTA DE CREDITO,credit_note,NC-E,base.ar,not_zero
dc_e_fs,200,22,FACTURAS - PERMISO EXPORTACION SIMPLIFICADO - DTO. 855/97,E,,,,base.ar,not_zero
dc_usados,210,30,COMPROBANTES DE COMPRA DE BIENES USADOS,,,invoice,CBU,base.ar,not_zero
dc_mandato,220,31,MANDATO - CONSIGNACION,,,,,base.ar,
dc_reciclado,230,32,COMPROBANTES PARA RECICLAR MATERIALES,,,invoice,CRM,base.ar,not_zero
dc_a_rg1415,240,34,"COMPROBANTES A DEL APARTADO A, INC. F), R.G. Nº 1415",A,,invoice,CA-A,base.ar,not_zero
dc_b_rg1415,250,35,"COMPROBANTES B DEL ANEXO I, APARTADO A, INC. F), R.G. Nº 1415",B,,invoice,CA-B,base.ar,zero
dc_c_rg1415,260,36,"COMPROBANTES C DEL ANEXO I, APARTADO A, INC. F), R.G. Nº 1415",C,,invoice,CA-C,base.ar,zero
dc_nd_rg1415,270,37,NOTAS DE DEBITO O DOCUMENTO EQUIVALENTE QUE CUMPLAN CON LA R.G. Nº 1415,,,debit_note,ND1415,base.ar,not_zero
dc_nc_rg1415,280,38,NOTAS DE CREDITO O DOCUMENTO EQUIVALENTE QUE CUMPLAN CON LA R.G. Nº 1415,,,credit_note,NC1415,base.ar,not_zero
dc_a_o_rg1415,290,39,OTROS COMPROBANTES A QUE CUMPLEN CON LA R.G. Nº 1415,A,,invoice,OC-A,base.ar,not_zero
dc_b_o_rg1415,300,40,OTROS COMPROBANTES B QUE CUMPLAN CON LA R.G. Nº 1415,B,,invoice,OC-B,base.ar,zero
dc_c_o_rg1415,310,41,OTROS COMPROBANTES C QUE CUMPLAN CON LA R.G. Nº 1415,C,,invoice,OC-C,base.ar,zero
dc_a_rf,320,50,RECIBO FACTURA A REGIMEN DE FACTURA DE CREDITO,A,,,,base.ar,not_zero
dc_m_f,330,51,FACTURAS M,M,FACTURA,invoice,FA-M,base.ar,not_zero
dc_m_nd,340,52,NOTAS DE DEBITO M,M,NOTA DE DEBITO,debit_note,ND-M,base.ar,not_zero
dc_m_nc,350,53,NOTAS DE CREDITO M,M,NOTA DE CREDITO,credit_note,NC-M,base.ar,not_zero
dc_m_r,360,54,RECIBOS M,M,RECIBO,invoice,RE-M,base.ar,not_zero
dc_m_nvc,370,55,NOTAS DE VENTA AL CONTADO M,M,,invoice,NVC-M,base.ar,not_zero
dc_m_rg1415,380,56,"COMPROBANTES M DEL ANEXO I, APARTADO A, INC. F), R.G. Nº 1415",M,,invoice,CA-M,base.ar,not_zero
dc_m_o_rg1415,390,57,OTROS COMPROBANTES M QUE CUMPLAN CON LA R.G. Nº 1415,M,,invoice,OC-M,base.ar,not_zero
dc_m_cvl,400,58,CUENTAS DE VENTA Y LIQUIDO PRODUCTO M,M,,invoice,LP-M,base.ar,not_zero
dc_m_l,410,59,LIQUIDACIONES M,M,LIQUIDACION,invoice,LI-M,base.ar,not_zero
dc_a_cvl,420,60,CUENTAS DE VENTA Y LIQUIDO PRODUCTO A,A,CTA VTA LIQUIDO PRODUCTO,invoice,LP-A,base.ar,not_zero
dc_b_cvl,430,61,CUENTAS DE VENTA Y LIQUIDO PRODUCTO B,B,CTA VTA LIQUIDO PRODUCTO,invoice,LP-B,base.ar,zero
dc_a_l,440,63,LIQUIDACIONES A,A,LIQUIDACION,invoice,LI-A,base.ar,not_zero
dc_b_l,450,64,LIQUIDACIONES B,B,LIQUIDACION,invoice,LI-B,base.ar,zero
dc_nc,460,65,"NOTAS DE CREDITO DE COMPROBANTES CON COD. 34, 39, 58, 59, 60, 63, 96, 97,",,,,,base.ar,
dc_desp_imp,470,66,DESPACHO DE IMPORTACION,,,invoice,DI,base.ar,not_zero
dc_imp_serv,480,67,IMPORTACION DE SERVICIOS,,,,,base.ar,
dc_c_l,490,68,LIQUIDACION C,C,LIQUIDACION,invoice,LI-C,base.ar,not_zero
dc_rfc,500,70,RECIBOS FACTURA DE CREDITO,,,,,base.ar,not_zero
dc_cfcp,510,71,CREDITO FISCAL POR CONTRIBUCIONES PATRONALES,,,,,base.ar,
dc_f1116,520,73,FORMULARIO 1116 RT,,,,,base.ar,
dc_cptag,530,74,CARTA DE PORTE PARA EL TRANSPORTE AUTOMOTOR PARA GRANOS,,,,,base.ar,
dc_cptfg,540,75,CARTA DE PORTE PARA EL TRANSPORTE FERROVIARIO PARA GRANOS,,,,,base.ar,
dc_zeta,550,80,INFORME DIARIO DE CIERRE (ZETA) - CONTROLADORES FISCALES,,,,,base.ar,
dc_a_t,560,81,TIQUE FACTURA A,A,TIQUE FACTURA,invoice,TF-A,base.ar,not_zero
dc_b_t,570,82,TIQUE - FACTURA B,B,TIQUE FACTURA,invoice,TF-B,base.ar,zero
dc_t,580,83,TIQUE,,TIQUE,invoice,TI-X,base.ar,zero
dc_sp_c,590,84,COMPROBANTE FACTURA DE SERVICIOS PUBLICOS INTERESES FINANCIEROS,,,,,base.ar,
dc_sp_nc,600,85,NOTA DE CREDITO SERVICIOS PUBLICOS NOTA DE CREDITO CONTROLADORES FISCALES,,,,,base.ar,
dc_sp_nd,610,86,NOTA DE DEBITO SERVICIOS PUBLICOS,,,,,base.ar,
dc_oc_se,620,87,OTROS COMPROBANTES - SERVICIOS DEL EXTERIOR,,,,,base.ar,
dc_oc_c,630,88,REMITO ELECTRONICO,,,,,base.ar,
dc_oc_nd,640,89,RESUMEN DE DATOS,,,,,base.ar,
dc_oc_nc,650,90,OTROS COMPROBANTES - DOCUMENTOS EXCEPTUADOS - NOTAS DE CREDITO,,,credit_note,OC,base.ar,not_zero
dc_r_r,660,91,REMITOS R,R,,,,base.ar,
dc_ac_inc_df,670,92,AJUSTES CONTABLES QUE INCREMENTAN EL DEBITO FISCAL,,,,,base.ar,
dc_ac_dis_df,680,93,AJUSTES CONTABLES QUE DISMINUYEN EL DEBITO FISCAL,,,,,base.ar,
dc_ac_inc_cf,690,94,AJUSTES CONTABLES QUE INCREMENTAN EL CREDITO FISCAL,,,,,base.ar,
dc_ac_dis_cf,700,95,AJUSTES CONTABLES QUE DISMINUYEN EL CREDITO FISCAL,,,,,base.ar,
dc_f1116b,710,96,FORMULARIO 1116 B,,,,,base.ar,
dc_f1116c,720,97,FORMULARIO 1116 C,,,,,base.ar,
dc_oc_ncrg3419,730,99,OTROS COMPROBANTES QUE NO CUMPLEN O ESTAN EXCEPTUADOS DE LA R.G. Nº 1415 Y SUS MODIF,,,invoice,OC-X,base.ar,not_zero
dc_aa_dj_pos,740,101,AJUSTE ANUAL PROVENIENTE DE LA D J DEL IVA POSITIVO,,,,,base.ar,
dc_aa_dj_neg,750,102,AJUSTE ANUAL PROVENIENTE DE LA D J DEL IVA NEGATIVO,,,,,base.ar,
dc_na,760,103,NOTA DE ASIGNACION,,,,,base.ar,
dc_nca,770,104,NOTA DE CREDITO DE ASIGNACION,,,,,base.ar,
dc_remito_x,790,94,REMITOS X,X,REMITO,,RM-X,base.ar,
dc_liq_s_a,800,17,LIQUIDACION DE SERVICIOS PUBLICOS CLASE A,A,,invoice,LS-A,base.ar,not_zero
dc_liq_s_b,810,18,LIQUIDACION DE SERVICIOS PUBLICOS CLASE B,B,,invoice,LS-B,base.ar,zero
dc_com_a_m,820,23,"COMPROBANTES ""A"" DE COMPRA PRIMARIA PARA EL SECTOR PESQUERO MARITIMO",,,,,base.ar,
dc_con_a_m,830,24,"COMPROBANTES ""A"" DE CONSIGNACION PRIMARIA PARA EL SECTOR PESQUERO MARITIMO",,,,,base.ar,
dc_com_b_m,840,25,"COMPROBANTES ""B"" DE COMPRA PRIMARIA PARA EL SECTOR PESQUERO MARITIMO",,,,,base.ar,
dc_con_b_m,850,26,"COMPROBANTES ""B"" DE CONSIGNACION PRIMARIA PARA EL SECTOR PESQUERO MARITIMO",,,,,base.ar,
dc_liq_uci_a,860,27,LIQUIDACION UNICA COMERCIAL IMPOSITIVA CLASE A,A,,invoice,LU-A,base.ar,not_zero
dc_liq_uci_b,870,28,LIQUIDACION UNICA COMERCIAL IMPOSITIVA CLASE B,B,,invoice,LU-B,base.ar,zero
dc_liq_uci_c,880,29,LIQUIDACION UNICA COMERCIAL IMPOSITIVA CLASE C,C,,invoice,LU-C,base.ar,zero
dc_liq_prim_gr,890,33,LIQUIDACION PRIMARIA DE GRANOS,,,invoice,LPG,base.ar,not_zero
dc_nc_liq_uci_a,900,43,NOTA DE CREDITO LIQUIDACION UNICA COMERCIAL IMPOSITIVA CLASE B,B,,credit_note,NCLU-B,base.ar,zero
dc_nc_liq_uci_b,910,44,NOTA DE CREDITO LIQUIDACION UNICA COMERCIAL IMPOSITIVA CLASE C,C,,credit_note,NCLU-C,base.ar,zero
dc_nd_liq_uci_a,920,45,NOTA DE DEBITO LIQUIDACION UNICA COMERCIAL IMPOSITIVA CLASE A,A,,debit_note,NDLU-A,base.ar,not_zero
dc_nd_liq_uci_b,930,46,NOTA DE DEBITO LIQUIDACION UNICA COMERCIAL IMPOSITIVA CLASE B,B,,debit_note,NDLU-B,base.ar,zero
dc_nd_liq_uci_c,940,47,NOTA DE DEBITO LIQUIDACION UNICA COMERCIAL IMPOSITIVA CLASE C,C,,debit_note,NDLU-C,base.ar,zero
dc_nc_liq_uci_c,950,48,NOTA DE CREDITO LIQUIDACION UNICA COMERCIAL IMPOSITIVA CLASE A,A,,credit_note,NCLU-A,base.ar,not_zero
dc_bs_no_reg,960,49,COMPROBANTES DE COMPRA DE BIENES NO REGISTRABLES A CONSUMIDORES FINALES,,,invoice,BNR,base.ar,not_zero
dc_t_nc,970,110,TIQUE NOTA DE CREDITO,,TIQUE NOTA DE CREDITO,credit_note,TC-X,base.ar,not_zero
dc_t_c,980,111,TIQUE FACTURA C,C,TIQUE FACTURA,invoice,TF-C,base.ar,zero
dc_t_nc_a,990,112,TIQUE NOTA DE CREDITO A,A,TIQUE NOTA DE CREDITO,credit_note,TN-A,base.ar,not_zero
dc_t_nc_b,1000,113,TIQUE NOTA DE CREDITO B,B,TIQUE NOTA DE CREDITO,credit_note,TN-B,base.ar,zero
dc_t_nc_c,1010,114,TIQUE NOTA DE CREDITO C,C,TIQUE NOTA DE CREDITO,credit_note,TN-C,base.ar,zero
dc_t_nd_a,1020,115,TIQUE NOTA DE DEBITO A,A,TIQUE NOTA DE DEBITO,debit_note,TD-A,base.ar,not_zero
dc_t_nd_b,1030,116,TIQUE NOTA DE DEBITO B,B,TIQUE NOTA DE DEBITO,debit_note,TD-B,base.ar,zero
dc_t_nd_c,1040,117,TIQUE NOTA DE DEBITO C,C,TIQUE NOTA DE DEBITO,debit_note,TD-C,base.ar,zero
dc_t_m,1050,118,TIQUE FACTURA M,M,FACTURA,invoice,TF-M,base.ar,not_zero
dc_t_nc_m,1060,119,TIQUE NOTA DE CREDITO M,M,NOTA DE CREDITO,credit_note,TC-M,base.ar,not_zero
dc_t_nd_m,1070,120,TIQUE NOTA DE DEBITO M,M,NOTA DE DEBITO,debit_note,TD-M,base.ar,not_zero
dc_liq_sec_gr,1080,331,LIQUIDACION SECUNDARIA DE GRANOS,,,invoice,LSG,base.ar,not_zero
dc_cert_ele_gr,1090,332,CERTIFICACION ELECTRONICA (GRANOS),,,,,base.ar,
dc_fce_a_f,1100,201,FACTURA DE CREDITO ELECTRONICA MiPyMEs (FCE) A,A,FACTURA DE CREDITO ELECTRONICA,invoice,FCE-A,base.ar,not_zero
dc_fce_a_nd,1110,202,NOTA DE DEBITO ELECTRONICA MiPyMEs (FCE) A,A,NOTA DE DEBITO ELECTRONICA,debit_note,NDE-A,base.ar,not_zero
dc_fce_a_nc,1120,203,NOTA DE CREDITO ELECTRONICA MiPyMEs (FCE) A,A,NOTA DE CREDITO ELECTRONICA,credit_note,NCE-A,base.ar,not_zero
dc_fce_b_f,1130,206,FACTURA DE CREDITO ELECTRONICA MiPyMEs (FCE) B,B,FACTURA DE CREDITO ELECTRONICA,invoice,FCE-B,base.ar,zero
dc_fce_b_nd,1140,207,NOTA DE DEBITO ELECTRONICA MiPyMEs (FCE) B,B,NOTA DE DEBITO ELECTRONICA,debit_note,NDE-B,base.ar,zero
dc_fce_b_nc,1150,208,NOTA DE CREDITO ELECTRONICA MiPyMEs (FCE) B,B,NOTA DE CREDITO ELECTRONICA,credit_note,NCE-B,base.ar,zero
dc_fce_c_f,1160,211,FACTURA DE CREDITO ELECTRONICA MiPyMEs (FCE) C,C,FACTURA DE CREDITO ELECTRONICA,invoice,FCE-C,base.ar,zero
dc_fce_c_nd,1170,212,NOTA DE DEBITO ELECTRONICA MiPyMEs (FCE) C,C,NOTA DE DEBITO ELECTRONICA,debit_note,NDE-C,base.ar,zero
dc_fce_c_nc,1180,213,NOTA DE CREDITO ELECTRONICA MiPyMEs (FCE) C,C,NOTA DE CREDITO ELECTRONICA,credit_note,NCE-D,base.ar,zero
fa_exterior,195,,FACTURAS Y COMPROBANTES DEL EXTERIOR,I,,invoice,FA-I,base.ar,zero
nc_exterior,196,,NOTAS DE CREDITO Y REEMBOLSOS DEL EXTERIOR,I,,credit_note,NC-I,base.ar,zero
dc_liq_cpst_a,1190,150,LIQUIDACIÓN DE COMPRA PRIMARIA PARA EL SECTOR TABACALERO A,A,,invoice,LCT-A,base.ar,not_zero
dc_liq_cpst_b,1200,151,LIQUIDACIÓN DE COMPRA PRIMARIA PARA EL SECTOR TABACALERO B,B,,invoice,LCT-B,base.ar,zero
dc_cvl_sa_a,1210,157,CUENTA DE VENTA Y LÍQUIDO PRODUCTO A – SECTOR AVÍCOLA,A,,invoice,CVA-A,base.ar,not_zero
dc_cvl_sa_b,1220,158,CUENTA DE VENTA Y LÍQUIDO PRODUCTO B – SECTOR AVÍCOLA,B,,invoice,CVA-B,base.ar,zero
dc_liq_c_sa_a,1230,159,LIQUIDACIÓN DE COMPRA A – SECTOR AVÍCOLA,A,,invoice,LCA-A,base.ar,not_zero
dc_liq_c_sa_b,1240,160,LIQUIDACIÓN DE COMPRA B – SECTOR AVÍCOLA,B,,invoice,LCA-B,base.ar,zero
dc_liq_cd_sa_a,1250,161,LIQUIDACIÓN DE COMPRA DIRECTA A - SECTOR AVÍCOLA,A,,invoice,LCDA-A,base.ar,not_zero
dc_liq_cd_sa_b,1260,162,LIQUIDACIÓN DE COMPRA DIRECTA B - SECTOR AVÍCOLA,B,,invoice,LCDA-B,base.ar,zero
dc_liq_cd_sa_c,1270,163,LIQUIDACIÓN DE COMPRA DIRECTA C - SECTOR AVÍCOLA,C,,invoice,LCDA-C,base.ar,zero
dc_liq_vd_sa_a,1280,164,LIQUIDACIÓN DE VENTA DIRECTA A - SECTOR AVÍCOLA,A,,invoice,LVDA-A,base.ar,not_zero
dc_liq_vd_sa_b,1290,165,LIQUIDACIÓN DE VENTA DIRECTA B - SECTOR AVÍCOLA,B,,invoice,LVDA-B,base.ar,zero
dc_liq_ccpc_a,1300,166,LIQUIDACIÓN DE CONTRATACIÓN DE CRIANZA POLLOS PARRILLEROS A,A,,invoice,LCCP-A,base.ar,not_zero
dc_liq_ccpc_b,1310,167,LIQUIDACIÓN DE CONTRATACIÓN DE CRIANZA POLLOS PARRILLEROS B,B,,invoice,LCCP-B,base.ar,zero
dc_liq_ccpc_c,1320,168,LIQUIDACIÓN DE CONTRATACIÓN DE CRIANZA POLLOS PARRILLEROS C,C,,invoice,LCCP-C,base.ar,zero
dc_liq_cpc_a,1330,169,LIQUIDACIÓN DE CRIANZA POLLOS PARRILLEROS A,A,,invoice,LCPP-A,base.ar,not_zero
dc_liq_cpc_b,1340,170,LIQUIDACIÓN DE CRIANZA POLLOS PARRILLEROS B,B,,invoice,LCPP-B,base.ar,zero
dc_liq_cca_a,1350,171,LIQUIDACIÓN DE COMPRA DE CAÑA DE AZÚCAR A,A,,invoice,LCCA-A,base.ar,not_zero
dc_liq_cca_b,1360,172,LIQUIDACIÓN DE COMPRA DE CAÑA DE AZÚCAR B,B,,invoice,LCCA-B,base.ar,zero
dc_cvl_sp_a,1370,180,CUENTA DE VENTA Y LÍQUIDO PRODUCTO A - SECTOR PECUARIO,A,,invoice,CVP-A,base.ar,not_zero
dc_cvl_sp_b,1380,182,CUENTA DE VENTA Y LÍQUIDO PRODUCTO B - SECTOR PECUARIO,B,,invoice,CVP-B,base.ar,zero
dc_liq_c_sp_a,1390,183,LIQUIDACIÓN DE COMPRA A - SECTOR PECUARIO,A,,invoice,LCP-A,base.ar,not_zero
dc_liq_c_sp_b,1400,185,LIQUIDACIÓN DE COMPRA B - SECTOR PECUARIO,B,,invoice,LCP-B,base.ar,zero
dc_liq_cd_sp_a,1410,186,LIQUIDACIÓN DE COMPRA DIRECTA A - SECTOR PECUARIO,A,,invoice,LCDP-A,base.ar,not_zero
dc_liq_cd_sp_b,1420,188,LIQUIDACIÓN DE COMPRA DIRECTA B - SECTOR PECUARIO,B,,invoice,LCDP-B,base.ar,zero
dc_liq_cd_sp_c,1430,189,LIQUIDACIÓN DE COMPRA DIRECTA C - SECTOR PECUARIO,C,,invoice,LCDP-C,base.ar,zero
dc_liq_vd_sp_a,1440,190,LIQUIDACIÓN DE VENTA DIRECTA A - SECTOR PECUARIO,A,,invoice,LVDP-A,base.ar,not_zero
dc_liq_vd_sp_b,1450,191,LIQUIDACIÓN DE VENTA DIRECTA B - SECTOR PECUARIO,B,,invoice,LVDP-B,base.ar,zero
