<?xml version="1.0" encoding="utf-8"?>
<odoo noupdate="1">

    <record id="mail_template_data_intervention_details" model="mail.template">
        <field name="name">Task: Intervention Scheduled</field>
        <field name="model_id" ref="project.model_project_task"/>
        <field name="subject">Your intervention is scheduled {{ object.planned_date_begin and object.planned_date_end and 'from the ' + format_datetime(object.planned_date_begin, tz=object.partner_id.tz, lang_code=object.partner_id.lang) + ' to the ' + format_datetime(object.planned_date_end, tz=object.partner_id.tz, lang_code=object.partner_id.lang) or '' }}</field>
        <field name="use_default_to" eval="True"/>
        <field name="body_html" type="html">
<div>
    <t t-set="date_begin" t-value="format_datetime(object.planned_date_begin, tz=object.partner_id.tz, lang_code=object.partner_id.lang)"/>

    <t t-set="date_end" t-value="format_datetime(object.planned_date_end, tz=object.partner_id.tz, lang_code=object.partner_id.lang)"/>

    Dear <t t-out="object.partner_id.name or 'customer'">customer</t>,<br/><br/>
    <t t-if="date_begin and date_end">
        Your <t t-out="object.name or ''">Boiler maintenance</t> intervention is scheduled from the <t t-out="date_begin or ''">05/31/2021 12:30:00</t> to the <t t-out="date_end or ''">05/31/2021 14:30:00</t>.
    </t>
    <t t-else="">
        Your <t t-out="object.name or ''">Boiler maintenance</t> intervention is scheduled.
    </t>
    <br/><br/>
    Best regards,
    <t t-if="user.signature">
        <br/>
        <t t-out="user.signature or ''">--<br/>Mitchell Admin</t>
    </t>
</div>
        </field>
        <field name="lang">{{ object.partner_id.lang }}</field>
        <field name="auto_delete" eval="True"/>
    </record>

</odoo>
