id,name,model_id:id,group_id:id,perm_read,perm_write,perm_create,perm_unlink
access_hr_work_entry_officer,access_hr_work_entry_officer,model_hr_work_entry,hr.group_hr_user,1,1,1,0
access_hr_work_entry_system,access_hr_work_entry_system,model_hr_work_entry,base.group_system,1,1,1,1
access_hr_work_entry_type_officer,access_hr_work_entry_type_officer,model_hr_work_entry_type,hr.group_hr_user,1,0,0,0
access_hr_work_entry_type_manager,access_hr_work_entry_type_manager,model_hr_work_entry_type,hr.group_hr_manager,1,1,1,1
access_hr_work_entry_employee,access_hr_work_entry_employee,model_hr_user_work_entry_employee,hr.group_hr_user,1,1,1,1