<?xml version="1.0" encoding="utf-8"?>
<odoo>
        <!-- add work_entry type to leave type -->
        <record id="hr_holidays.holiday_status_unpaid" model="hr.leave.type">
            <field name="work_entry_type_id" ref="hr_work_entry_contract.work_entry_type_unpaid_leave"></field>
        </record>

        <record id="hr_holidays.holiday_status_comp" model="hr.leave.type">
            <field name="work_entry_type_id" ref="hr_work_entry_contract.work_entry_type_leave"></field>
        </record>
</odoo>
