<?xml version="1.0" encoding="utf-8"?>
<odoo>

        <!-- Work entries -->
        <record id="work_entry_type_extra_hours" model="hr.work.entry.type">
            <field name="name">Extra Hours</field>
            <field name="code">WORK300</field>
            <field name="color">8</field>
        </record>

        <record id="work_entry_type_long_leave" model="hr.work.entry.type">
            <field name="name">Long Term Time Off</field>
            <field name="code">LEAVE200</field>
            <field name="is_leave">True</field>
            <field name="color">4</field>
        </record>

</odoo>
