<?xml version="1.0" encoding="utf-8"?>
<odoo>

    <record id="event_track_location5" model="event.track.location">
        <field name="name">Le Foyer du lac</field>
    </record>
    <record id="event_track_location6" model="event.track.location">
        <field name="name">Theatre</field>
    </record>
    <record id="event_track_location7" model="event.track.location">
        <field name="name">Lauzelle</field>
    </record>
    <record id="event_track_location8" model="event.track.location">
        <field name="name">Foyer Royal</field>
    </record>
    <record id="event_track_location9" model="event.track.location">
        <field name="name">Biereau</field>
    </record>
    <record id="event_track_location10" model="event.track.location">
        <field name="name">Bruyère</field>
    </record>

    <record id="event_track_location_online_1" model="event.track.location">
        <field name="name">RD and Sales</field>
    </record>
    <record id="event_track_location_online_2" model="event.track.location">
        <field name="name">Furniture</field>
    </record>
    <record id="event_track_location_online_3" model="event.track.location">
        <field name="name">Live with Customers</field>
    </record>

</odoo>
