id,name,model_id:id,group_id:id,perm_read,perm_write,perm_create,perm_unlink
access_survey_all,survey.survey.all,model_survey_survey,,0,0,0,0
access_survey_user,survey.survey.user,model_survey_survey,base.group_user,0,0,0,0
access_survey_survey_user,survey.survey.survey.user,model_survey_survey,group_survey_user,1,1,1,1
access_survey_survey_manager,survey.survey.survey.manager,model_survey_survey,group_survey_manager,1,1,1,1
access_survey_question_all,survey.question.all,model_survey_question,,0,0,0,0
access_survey_question_user,survey.question.user,model_survey_question,base.group_user,0,0,0,0
access_survey_question_survey_user,survey.question.survey.user,model_survey_question,group_survey_user,1,1,1,1
access_survey_question_survey_manager,survey.question.survey.manager,model_survey_question,group_survey_manager,1,1,1,1
access_survey_question_answer_all,survey.question.answer.all,model_survey_question_answer,,0,0,0,0
access_survey_question_answer_user,survey.question.answer.user,model_survey_question_answer,base.group_user,0,0,0,0
access_survey_question_answer_survey_user,survey.question.answer.survey.user,model_survey_question_answer,group_survey_user,1,1,1,1
access_survey_question_answer_survey_manager,survey.question.answer.survey.manager,model_survey_question_answer,group_survey_manager,1,1,1,1
access_survey_user_input_all,survey.user_input.all,model_survey_user_input,,0,0,0,0
access_survey_user_input_user,survey.user_input.user,model_survey_user_input,base.group_user,0,0,0,0
access_survey_user_input_survey_user,survey.user_input.survey.user,model_survey_user_input,group_survey_user,1,1,1,1
access_survey_user_input_survey_manager,survey.user_input.survey.manager,model_survey_user_input,group_survey_manager,1,1,1,1
access_survey_user_input_line_all,survey.user_input.line.all,model_survey_user_input_line,,0,0,0,0
access_survey_user_input_line_user,survey.user_input.line.user,model_survey_user_input_line,base.group_user,0,0,0,0
access_survey_user_input_line_survey_user,survey.user_input.line.survey.user,model_survey_user_input_line,group_survey_user,1,1,1,1
access_survey_user_input_line_survey_manager,survey.user_input.line.survey.manager,model_survey_user_input_line,group_survey_manager,1,1,1,1
access_gamification_badge_survey_user,gamification.badge.survey.user,model_gamification_badge,group_survey_user,1,1,1,1
access_survey_invite,access.survey.invite,model_survey_invite,survey.group_survey_user,1,1,1,0
