id,name,model_id:id,group_id:id,perm_read,perm_write,perm_create,perm_unlink
access_barcode_nomenclature_user,barcode.nomenclature.user,model_barcode_nomenclature,base.group_user,1,0,0,0
access_barcode_nomenclature_manager,barcode.nomenclature.manager,model_barcode_nomenclature,base.group_erp_manager,1,1,1,1
access_barcode_rule_user,barcode.rule.user,model_barcode_rule,base.group_user,1,0,0,0
access_barcode_rule_manager,barcode.rule.manager,model_barcode_rule,base.group_erp_manager,1,1,1,1
